DEMANGAN;Kristen;392;443;835
DEMANGAN;katolik;351;392;743
DEMANGAN;Hindu;6;11;17
DEMANGAN;Buddha;4;8;12
DEMANGAN;Konghucu;0;0;0
DEMANGAN;Aliran Kepercayaan;1;2;3
KOTABARU;Kristen;168;167;335
KOTABARU;katolik;184;225;409
KOTABARU;Hindu;0;0;0
KOTABARU;Buddha;3;7;10
KOTABARU;Konghucu;0;0;0
KOTABARU;Aliran Kepercayaan;0;0;0
KLITREN;Kristen;913;1.024;1.937
KLITREN;katolik;364;419;783
KLITREN;Hindu;20;12;32
KLITREN;Buddha;24;23;47
KLITREN;Konghucu;0;1;1
KLITREN;Aliran Kepercayaan;0;0;0
BACIRO;Kristen;444;502;946
BACIRO;katolik;936;1.088;2.024
BACIRO;Hindu;29;25;54
BACIRO;Buddha;5;3;8
BACIRO;Konghucu;0;1;1
BACIRO;Aliran Kepercayaan;0;0;0
TERBAN;Kristen;581;608;1.189
TERBAN;katolik;365;568;933
TERBAN;Hindu;14;9;23
TERBAN;Buddha;11;11;22
TERBAN;Konghucu;2;0;2
TERBAN;Aliran Kepercayaan;1;3;4
