BUMIJO;Kristen;360;424;784
BUMIJO;katolik;656;721;1.377
BUMIJO;Hindu;4;3;7
BUMIJO;Buddha;22;17;39
BUMIJO;Konghucu;0;0;0
BUMIJO;Aliran Kepercayaan;0;0;0
COKRODININGRATAN;Kristen;458;548;1.006
COKRODININGRATAN;katolik;492;606;1.098
COKRODININGRATAN;Hindu;2;5;7
COKRODININGRATAN;Buddha;28;26;54
COKRODININGRATAN;Konghucu;6;4;10
COKRODININGRATAN;Aliran Kepercayaan;0;0;0
GOWONGAN;Kristen;415;454;869
GOWONGAN;katolik;598;642;01.24
GOWONGAN;Hindu;1;1;2
GOWONGAN;Buddha;37;31;68
GOWONGAN;Konghucu;2;1;3
GOWONGAN;Aliran Kepercayaan;1;0;1
