PATEHAN;Kristen;72;81;153
PATEHAN;Katolik;342;361;703
PATEHAN;Hindu;1;1;2
PATEHAN;Buddha;0;0;0
PATEHAN;Konghucu;0;0;0
PATEHAN;Aliran Kepercayaan;0;0;0
PANEMBAHAN;Kristen;119;131;250
PANEMBAHAN;Katolik;599;689;1.288
PANEMBAHAN;Hindu;8;8;16
PANEMBAHAN;Buddha;0;0;0
PANEMBAHAN;Konghucu;0;0;0
PANEMBAHAN;Aliran Kepercayaan;1;0;1
KADIPATEN;Kristen;76;86;162
KADIPATEN;Katolik;282;312;594
KADIPATEN;Hindu;0;1;1
KADIPATEN;Buddha;1;1;2
KADIPATEN;Konghucu;0;0;0
KADIPATEN;Aliran Kepercayaan;0;0;0
