KEPARAKAN;Kristen;325;352;677
KEPARAKAN;Katolik;574;708;1.282
KEPARAKAN;Hindu;8;1;9
KEPARAKAN;Buddha;12;12;24
KEPARAKAN;Konghucu;0;0;0
KEPARAKAN;Aliran Kepercayaan;0;0;0
WIROGUNAN;Kristen;373;437;810
WIROGUNAN;Katolik;565;610;1.175
WIROGUNAN;Hindu;12;10;22
WIROGUNAN;Buddha;8;7;15
WIROGUNAN;Konghucu;0;0;0
WIROGUNAN;Aliran Kepercayaan;0;0;0
BRONTOKUSUMAN;Kristen;177;236;413
BRONTOKUSUMAN;Katolik;179;226;405
BRONTOKUSUMAN;Hindu;7;5;12
BRONTOKUSUMAN;Buddha;7;13;20
BRONTOKUSUMAN;Konghucu;0;0;0
BRONTOKUSUMAN;Aliran Kepercayaan;0;0;0
