PAKUNCEN;Kristen;210;247;457
PAKUNCEN;katolik;616;698;1.314
PAKUNCEN;Hindu;10;9;19
PAKUNCEN;Buddha;8;6;14
PAKUNCEN;Konghucu;0;0;0
PAKUNCEN;Aliran Kepercayaan;0;0;0
WIROBRAJAN;Kristen;200;210;410
WIROBRAJAN;katolik;659;764;1.423
WIROBRAJAN;Hindu;10;10;20
WIROBRAJAN;Buddha;13;14;27
WIROBRAJAN;Konghucu;0;0;0
WIROBRAJAN;Aliran Kepercayaan;1;4;5
PATANGPULUHAN;Kristen;149;142;291
PATANGPULUHAN;katolik;471;533;1.004
PATANGPULUHAN;Hindu;2;1;3
PATANGPULUHAN;Buddha;13;9;22
PATANGPULUHAN;Konghucu;0;0;0
PATANGPULUHAN;Aliran Kepercayaan;1;1;2
