﻿HARGOMULYO;Kristen;13;18;31
HARGOMULYO;Katolik;1;1;2
HARGOMULYO;Hindu;0;0;0
HARGOMULYO;Budhha;0;0;0
HARGOMULYO;Konghucu;0;0;0
HARGOMULYO;Aliran Kepercayaan;0;0;0
MERTELU;Kristen;2;2;4
MERTELU;Katolik;0;0;0
MERTELU;Hindu;0;0;0
MERTELU;Budhha;0;0;0
MERTELU;Konghucu;0;0;0
MERTELU;Aliran Kepercayaan;0;0;0
WATUGAJAH;Kristen;5;8;13
WATUGAJAH;Katolik;2;1;3
WATUGAJAH;Hindu;0;0;0
WATUGAJAH;Budhha;0;0;0
WATUGAJAH;Konghucu;0;0;0
WATUGAJAH;Aliran Kepercayaan;0;0;0
SAMPANG;Kristen;3;3;6
SAMPANG;Katolik;46;44;90
SAMPANG;Hindu;0;0;0
SAMPANG;Budhha;0;0;0
SAMPANG;Konghucu;0;0;0
SAMPANG;Aliran Kepercayaan;0;0;0
SERUT;Kristen;66;74;140
SERUT;Katolik;148;166;314
SERUT;Hindu;0;0;0
SERUT;Budhha;0;0;0
SERUT;Konghucu;0;0;0
SERUT;Aliran Kepercayaan;0;0;0
NGALANG;Kristen;10;6;16
NGALANG;Katolik;9;11;20
NGALANG;Hindu;0;0;0
NGALANG;Budhha;0;0;0
NGALANG;Konghucu;0;0;0
NGALANG;Aliran Kepercayaan;0;0;0
TEGALREJO;Kristen;12;11;23
TEGALREJO;Katolik;15;21;36
TEGALREJO;Hindu;4;3;7
TEGALREJO;Budhha;0;0;0
TEGALREJO;Konghucu;0;0;0
TEGALREJO;Aliran Kepercayaan;1;0;1
