﻿WONOSARI;Kristen;1.306;1.392;2.698
WONOSARI;Katolik;2.171;2.301;4.472
WONOSARI;Hindu;3;8;11
WONOSARI;Budhha;8;3;11
WONOSARI;Konghucu;0;0;0
WONOSARI;Aliran Kepercayaan;6;2;8
NGLIPAR;Kristen;111;115;226
NGLIPAR;Katolik;50;31;81
NGLIPAR;Hindu;1;2;3
NGLIPAR;Budhha;1;0;1
NGLIPAR;Konghucu;0;0;0
NGLIPAR;Aliran Kepercayaan;0;0;0
PLAYEN;Kristen;459;491;950
PLAYEN;Katolik;1.401;1.493;2.894
PLAYEN;Hindu;36;55;91
PLAYEN;Budhha;1;0;1
PLAYEN;Konghucu;0;0;0
PLAYEN;Aliran Kepercayaan;1;2;3
PATUK;Kristen;114;114;228
PATUK;Katolik;51;54;105
PATUK;Hindu;1;3;4
PATUK;Budhha;0;0;0
PATUK;Konghucu;0;0;0
PATUK;Aliran Kepercayaan;0;0;0
PALIYAN;Kristen;92;103;195
PALIYAN;Katolik;76;77;153
PALIYAN;Hindu;4;5;9
PALIYAN;Budhha;1;2;3
PALIYAN;Konghucu;1;0;1
PALIYAN;Aliran Kepercayaan;0;0;0
PANGGANG;Kristen;92;103;195
PANGGANG;Katolik;76;77;153
PANGGANG;Hindu;4;5;9
PANGGANG;Budhha;1;2;3
PANGGANG;Konghucu;1;0;1
PANGGANG;Aliran Kepercayaan;0;0;0
TEPUS;Kristen;213;242;455
TEPUS;Katolik;67;81;148
TEPUS;Hindu;0;0;0
TEPUS;Budhha;0;1;1
TEPUS;Konghucu;0;0;0
TEPUS;Aliran Kepercayaan;0;0;0
SEMANU;Kristen;283;302;585
SEMANU;Katolik;460;498;958
SEMANU;Hindu;4;2;6
SEMANU;Budhha;0;0;0
SEMANU;Konghucu;0;0;0
SEMANU;Aliran Kepercayaan;9;4;13
KARANGMOJO;Kristen;1.139;1.304;2.443
KARANGMOJO;Katolik;695;708;1.403
KARANGMOJO;Hindu;0;1;1
KARANGMOJO;Budhha;0;0;0
KARANGMOJO;Konghucu;0;0;0
KARANGMOJO;Aliran Kepercayaan;0;0;1
PONJONG;Kristen;332;345;677
PONJONG;Katolik;101;121;222
PONJONG;Hindu;0;0;0
PONJONG;Budhha;0;0;0
PONJONG;Konghucu;0;0;0
PONJONG;Aliran Kepercayaan;0;0;0
RONGKOP;Kristen;264;266;530
RONGKOP;Katolik;47;64;111
RONGKOP;Hindu;0;0;0
RONGKOP;Budhha;0;0;0
RONGKOP;Konghucu;1;0;1
RONGKOP;Aliran Kepercayaan;35;33;68
SEMIN;Kristen;549;598;1.147
SEMIN;Katolik;246;256;502
SEMIN;Hindu;7;6;13
SEMIN;Budhha;22;19;41
SEMIN;Konghucu;0;0;0
SEMIN;Aliran Kepercayaan;0;0;0
NGAWEN;Kristen;277;278;555
NGAWEN;Katolik;396;408;804
NGAWEN;Hindu;314;303;617
NGAWEN;Budhha;0;0;0
NGAWEN;Konghucu;0;0;0
NGAWEN;Aliran Kepercayaan;0;0;0
GEDANGSARI;Kristen;111;122;233
GEDANGSARI;Katolik;221;244;465
GEDANGSARI;Hindu;4;3;7
GEDANGSARI;Budhha;0;0;0
GEDANGSARI;Konghucu;0;0;0
GEDANGSARI;Aliran Kepercayaan;1;0;1
SAPTOSARI;Kristen;182;191;373
SAPTOSARI;Katolik;8;4;12
SAPTOSARI;Hindu;97;122;219
SAPTOSARI;Budhha;0;0;0
SAPTOSARI;Konghucu;0;0;0
SAPTOSARI;Aliran Kepercayaan;7;8;15
GIRISUBO;Kristen;299;312;611
GIRISUBO;Katolik;48;52;100
GIRISUBO;Hindu;0;0;0
GIRISUBO;Budhha;0;0;0
GIRISUBO;Konghucu;0;0;0
GIRISUBO;Aliran Kepercayaan;66;66;132
TANJUNGSARI;Kristen;234;248;482
TANJUNGSARI;Katolik;47;51;98
TANJUNGSARI;Hindu;2;3;5
TANJUNGSARI;Budhha;0;1;1
TANJUNGSARI;Konghucu;0;0;0
TANJUNGSARI;Aliran Kepercayaan;0;0;0
PURWOSARI;Kristen;46;41;87
PURWOSARI;Katolik;15;15;30
PURWOSARI;Hindu;2;4;6
PURWOSARI;Budhha;0;0;0
PURWOSARI;Konghucu;0;0;0
PURWOSARI;Aliran Kepercayaan;0;0;0
