﻿BEJIHARJO;Kristen;247;260;507
BEJIHARJO;Katolik;60;52;112
BEJIHARJO;Hindu;0;0;0
BEJIHARJO;Budhha;0;0;0
BEJIHARJO;Konghucu;0;0;0
BEJIHARJO;Aliran Kepercayaan;0;1;1
WILADEG;Kristen;476;575;1.051
WILADEG;Katolik;62;40;102
WILADEG;Hindu;0;0;0
WILADEG;Budhha;0;0;0
WILADEG;Konghucu;0;0;0
WILADEG;Aliran Kepercayaan;0;0;0
BENDUNGAN;Kristen;40;52;92
BENDUNGAN;Katolik;8;9;17
BENDUNGAN;Hindu;0;0;0
BENDUNGAN;Budhha;0;0;0
BENDUNGAN;Konghucu;0;0;0
BENDUNGAN;Aliran Kepercayaan;0;0;0
KELOR;Kristen;28;28;56
KELOR;Katolik;325;338;663
KELOR;Hindu;0;0;0
KELOR;Budhha;0;0;0
KELOR;Konghucu;0;0;0
KELOR;Aliran Kepercayaan;0;0;0
NGIPAK;Kristen;51;72;123
NGIPAK;Katolik;42;53;95
NGIPAK;Hindu;0;0;0
NGIPAK;Budhha;0;0;0
NGIPAK;Konghucu;0;0;0
NGIPAK;Aliran Kepercayaan;0;0;0
KARANGMOJO;Kristen;143;154;297
KARANGMOJO;Katolik;130;139;269
KARANGMOJO;Hindu;0;0;0
KARANGMOJO;Budhha;0;0;0
KARANGMOJO;Konghucu;0;0;0
KARANGMOJO;Aliran Kepercayaan;0;0;0
GEDANGREJO;Kristen;19;24;43
GEDANGREJO;Katolik;19;19;38
GEDANGREJO;Hindu;0;0;0
GEDANGREJO;Budhha;0;0;0
GEDANGREJO;Konghucu;0;0;0
GEDANGREJO;Aliran Kepercayaan;0;0;0
NGAWIS;Kristen;56;55;111
NGAWIS;Katolik;21;21;42
NGAWIS;Hindu;0;0;0
NGAWIS;Budhha;0;0;0
NGAWIS;Konghucu;0;0;0
NGAWIS;Aliran Kepercayaan;0;0;0
JATIAYU;Kristen;79;84;163
JATIAYU;Katolik;28;37;65
JATIAYU;Hindu;0;1;1
JATIAYU;Budhha;0;0;0
JATIAYU;Konghucu;0;0;0
JATIAYU;Aliran Kepercayaan;0;0;0
