﻿TANCEP;Kristen;0;2;2
TANCEP;Katolik;18;16;34
TANCEP;Hindu;1;1;2
TANCEP;Budhha;0;0;0
TANCEP;Konghucu;0;0;0
TANCEP;Aliran Kepercayaan;0;0;0
SEMIBIREJO;Kristen;83;84;167
SEMIBIREJO;Katolik;191;198;389
SEMIBIREJO;Hindu;0;0;0
SEMIBIREJO;Budhha;0;0;0
SEMIBIREJO;Konghucu;0;0;0
SEMIBIREJO;Aliran Kepercayaan;0;0;0
JURANGJERO;Kristen;14;11;25
JURANGJERO;Katolik;128;142;270
JURANGJERO;Hindu;0;0;0
JURANGJERO;Budhha;0;0;0
JURANGJERO;Konghucu;0;0;0
JURANGJERO;Aliran Kepercayaan;0;0;0
KAMPUNG;Kristen;28;31;59
KAMPUNG;Katolik;23;23;46
KAMPUNG;Hindu;156;141;297
KAMPUNG;Budhha;0;0;0
KAMPUNG;Konghucu;0;0;0
KAMPUNG;Aliran Kepercayaan;0;0;0
BEJI;Kristen;26;20;46
BEJI;Katolik;29;25;54
BEJI;Hindu;140;147;287
BEJI;Budhha;0;0;0
BEJI;Konghucu;0;0;0
BEJI;Aliran Kepercayaan;0;0;0
WATUSIGAR;Kristen;126;130;256
WATUSIGAR;Katolik;7;4;11
WATUSIGAR;Hindu;17;14;31
WATUSIGAR;Budhha;0;0;0
WATUSIGAR;Konghucu;0;0;0
WATUSIGAR;Aliran Kepercayaan;0;0;0
