﻿NATAH;Kristen;0;1;1
NATAH;Katolik;1;0;1
NATAH;Hindu;1;1;2
NATAH;Budhha;0;0;0
NATAH;Konghucu;0;0;0
NATAH;Aliran Kepercayaan;0;0;0
PILANGREJO;Kristen;14;13;27
PILANGREJO;Katolik;3;2;5
PILANGREJO;Hindu;0;0;0
PILANGREJO;Budhha;0;0;0
PILANGREJO;Konghucu;0;0;0
PILANGREJO;Aliran Kepercayaan;0;0;0
PENGKOL;Kristen;59;62;121
PENGKOL;Katolik;6;5;11
PENGKOL;Hindu;0;0;0
PENGKOL;Budhha;1;0;1
PENGKOL;Konghucu;0;0;0
PENGKOL;Aliran Kepercayaan;0;0;0
KEDUNGKERIS;Kristen;5;6;11
KEDUNGKERIS;Katolik;10;4;14
KEDUNGKERIS;Hindu;0;0;0
KEDUNGKERIS;Budhha;0;0;0
KEDUNGKERIS;Konghucu;0;0;0
KEDUNGKERIS;Aliran Kepercayaan;0;0;0
NGLIPAR;Kristen;21;17;38
NGLIPAR;Katolik;26;19;45
NGLIPAR;Hindu;0;0;0
NGLIPAR;Budhha;0;0;0
NGLIPAR;Konghucu;0;0;0
NGLIPAR;Aliran Kepercayaan;0;0;0
KATONGAN;Kristen;8;10;18
KATONGAN;Katolik;0;0;0
KATONGAN;Hindu;0;0;0
KATONGAN;Budhha;0;0;0
KATONGAN;Konghucu;0;0;0
KATONGAN;Aliran Kepercayaan;0;0;0
