﻿SODO;Kristen;0;0;0
SODO;Katolik;0;0;0
SODO;Hindu;0;0;0
SODO;Budhha;0;0;0
SODO;Konghucu;0;0;0
SODO;Aliran Kepercayaan;0;0;0
PAMPANG;Kristen;2;3;5
PAMPANG;Katolik;7;6;13
PAMPANG;Hindu;0;0;0
PAMPANG;Budhha;0;0;0
PAMPANG;Konghucu;0;0;0
PAMPANG;Aliran Kepercayaan;0;0;0
GROGOL;Kristen;8;12;20
GROGOL;Katolik;0;0;0
GROGOL;Hindu;0;0;0
GROGOL;Budhha;0;0;0
GROGOL;Konghucu;0;0;0
GROGOL;Aliran Kepercayaan;0;0;0
KARANGDUWET;Kristen;55;69;124
KARANGDUWET;Katolik;11;15;26
KARANGDUWET;Hindu;0;0;0
KARANGDUWET;Budhha;0;1;1
KARANGDUWET;Konghucu;0;0;0
KARANGDUWET;Aliran Kepercayaan;0;0;0
KARANGASEM;Kristen;8;7;15
KARANGASEM;Katolik;1;0;1
KARANGASEM;Hindu;0;0;0
KARANGASEM;Budhha;0;0;0
KARANGASEM;Konghucu;0;0;0
KARANGASEM;Aliran Kepercayaan;0;0;0
MULUSAN;Kristen;1;0;1
MULUSAN;Katolik;0;0;0
MULUSAN;Hindu;0;0;0
MULUSAN;Budhha;0;0;0
MULUSAN;Konghucu;1;0;1
MULUSAN;Aliran Kepercayaan;0;0;0
GIRING;Kristen;18;12;30
GIRING;Katolik;57;56;113
GIRING;Hindu;4;5;9
GIRING;Budhha;1;1;2
GIRING;Konghucu;0;0;0
GIRING;Aliran Kepercayaan;0;0;0
