﻿UMBULREJO;Kristen;37;39;76
UMBULREJO;Katolik;8;14;22
UMBULREJO;Hindu;0;0;0
UMBULREJO;Budhha;0;0;0
UMBULREJO;Konghucu;0;0;0
UMBULREJO;Aliran Kepercayaan;0;0;0
SAWAHAN;Kristen;11;17;28
SAWAHAN;Katolik;0;0;0
SAWAHAN;Hindu;0;0;0
SAWAHAN;Budhha;0;0;0
SAWAHAN;Konghucu;0;0;0
SAWAHAN;Aliran Kepercayaan;0;0;0
TAMBAKROMO;Kristen;20;15;35
TAMBAKROMO;Katolik;0;0;0
TAMBAKROMO;Hindu;0;0;0
TAMBAKROMO;Budhha;0;0;0
TAMBAKROMO;Konghucu;0;0;0
TAMBAKROMO;Aliran Kepercayaan;0;0;0
KENTENG;Kristen;6;7;13
KENTENG;Katolik;0;0;0
KENTENG;Hindu;0;0;0
KENTENG;Budhha;0;0;0
KENTENG;Konghucu;0;0;0
KENTENG;Aliran Kepercayaan;0;0;0
SUMBERGIRI;Kristen;24;19;43
SUMBERGIRI;Katolik;21;19;40
SUMBERGIRI;Hindu;0;0;0
SUMBERGIRI;Budhha;0;0;0
SUMBERGIRI;Konghucu;0;0;0
SUMBERGIRI;Aliran Kepercayaan;0;0;0
GENJAHAN;Kristen;185;197;382
GENJAHAN;Katolik;24;33;57
GENJAHAN;Hindu;0;0;0
GENJAHAN;Budhha;0;0;0
GENJAHAN;Konghucu;0;0;0
GENJAHAN;Aliran Kepercayaan;0;0;0
PONJONG;Kristen;6;5;11
PONJONG;Katolik;7;4;11
PONJONG;Hindu;0;0;0
PONJONG;Budhha;0;0;0
PONJONG;Konghucu;0;0;0
PONJONG;Aliran Kepercayaan;0;0;0
KARANGASEM;Kristen;2;0;2
KARANGASEM;Katolik;0;0;0
KARANGASEM;Hindu;0;0;0
KARANGASEM;Budhha;0;0;0
KARANGASEM;Konghucu;0;0;0
KARANGASEM;Aliran Kepercayaan;0;0;0
BEDOYO;Kristen;12;17;29
BEDOYO;Katolik;4;9;13
BEDOYO;Hindu;0;0;0
BEDOYO;Budhha;0;0;0
BEDOYO;Konghucu;0;0;0
BEDOYO;Aliran Kepercayaan;0;0;0
SIDOREJO;Kristen;28;27;55
SIDOREJO;Katolik;37;42;79
SIDOREJO;Hindu;0;0;0
SIDOREJO;Budhha;0;0;0
SIDOREJO;Konghucu;0;0;0
SIDOREJO;Aliran Kepercayaan;0;0;0
GOMBANG;Kristen;1;2;3
GOMBANG;Katolik;0;0;0
GOMBANG;Hindu;0;0;0
GOMBANG;Budhha;0;0;0
GOMBANG;Konghucu;0;0;0
GOMBANG;Aliran Kepercayaan;0;0;0
