﻿BOHOL;Kristen;1;4;5
BOHOL;Katolik;1;2;3
BOHOL;Hindu;0;0;0
BOHOL;Budhha;0;0;0
BOHOL;Konghucu;0;0;0
BOHOL;Aliran Kepercayaan;10;10;20
PRINGOMBO;Kristen;3;4;7
PRINGOMBO;Katolik;8;10;18
PRINGOMBO;Hindu;0;0;0
PRINGOMBO;Budhha;0;0;0
PRINGOMBO;Konghucu;0;0;0
PRINGOMBO;Aliran Kepercayaan;0;0;0
BOTODAYAAN;Kristen;33;37;70
BOTODAYAAN;Katolik;3;2;5
BOTODAYAAN;Hindu;0;0;0
BOTODAYAAN;Budhha;0;0;0
BOTODAYAAN;Konghucu;0;0;0
BOTODAYAAN;Aliran Kepercayaan;0;0;0
PETIR;Kristen;93;73;166
PETIR;Katolik;20;26;46
PETIR;Hindu;0;0;0
PETIR;Budhha;0;0;0
PETIR;Konghucu;1;0;1
PETIR;Aliran Kepercayaan;0;0;0
PUCANGANOM;Kristen;2;1;3
PUCANGANOM;Katolik;0;0;0
PUCANGANOM;Hindu;0;0;0
PUCANGANOM;Budhha;0;0;0
PUCANGANOM;Konghucu;0;0;0
PUCANGANOM;Aliran Kepercayaan;0;0;0
SEMUGIH;Kristen;89;110;199
SEMUGIH;Katolik;11;19;30
SEMUGIH;Hindu;0;0;0
SEMUGIH;Budhha;0;0;0
SEMUGIH;Konghucu;0;0;0
SEMUGIH;Aliran Kepercayaan;0;0;0
MELIKAN;Kristen;1;0;1
MELIKAN;Katolik;1;0;1
MELIKAN;Hindu;0;0;0
MELIKAN;Budhha;0;0;0
MELIKAN;Konghucu;0;0;0
MELIKAN;Aliran Kepercayaan;22;23;45
KARANGWUNI;Kristen;42;37;79
KARANGWUNI;Katolik;3;5;8
KARANGWUNI;Hindu;0;0;0
KARANGWUNI;Budhha;0;0;0
KARANGWUNI;Konghucu;0;0;0
KARANGWUNI;Aliran Kepercayaan;3;0;3
