﻿NGEPOSARI;Kristen;12;14;26
NGEPOSARI;Katolik;164;164;328
NGEPOSARI;Hindu;0;0;0
NGEPOSARI;Budhha;0;0;0
NGEPOSARI;Konghucu;0;0;0
NGEPOSARI;Aliran Kepercayaan;0;0;0
SEMANU;Kristen;147;159;306
SEMANU;Katolik;114;146;260
SEMANU;Hindu;3;2;5
SEMANU;Budhha;0;0;0
SEMANU;Konghucu;0;0;0
SEMANU;Aliran Kepercayaan;1;0;1
PACAREJO;Kristen;19;26;45
PACAREJO;Katolik;31;32;63
PACAREJO;Hindu;1;0;1
PACAREJO;Budhha;0;0;0
PACAREJO;Konghucu;0;0;0
PACAREJO;Aliran Kepercayaan;7;4;11
CANDI REJO;Kristen;102;97;199
CANDI REJO;Katolik;114;120;234
CANDI REJO;Hindu;0;0;0
CANDI REJO;Budhha;0;0;0
CANDI REJO;Konghucu;0;0;0
CANDI REJO;Aliran Kepercayaan;0;0;0
DADAPAYU;Kristen;3;6;9
DADAPAYU;Katolik;37;36;73
DADAPAYU;Hindu;0;0;0
DADAPAYU;Budhha;0;0;0
DADAPAYU;Konghucu;0;0;0
DADAPAYU;Aliran Kepercayaan;1;0;1
