﻿GIRIPANGGUNG;Kristen;46;53;99
GIRIPANGGUNG;Katolik;12;15;27
GIRIPANGGUNG;Hindu;0;0;0
GIRIPANGGUNG;Budhha;0;0;0
GIRIPANGGUNG;Konghucu;0;0;0
GIRIPANGGUNG;Aliran Kepercayaan;0;0;0
SUMBERWUNGU;Kristen;120;136;256
SUMBERWUNGU;Katolik;9;19;28
SUMBERWUNGU;Hindu;0;0;0
SUMBERWUNGU;Budhha;0;1;1
SUMBERWUNGU;Konghucu;0;0;0
SUMBERWUNGU;Aliran Kepercayaan;0;0;0
SIDOHARJO;Kristen;31;29;60
SIDOHARJO;Katolik;4;3;7
SIDOHARJO;Hindu;0;0;0
SIDOHARJO;Budhha;0;0;0
SIDOHARJO;Konghucu;0;0;0
SIDOHARJO;Aliran Kepercayaan;0;0;0
TEPUS;Kristen;9;20;29
TEPUS;Katolik;41;44;85
TEPUS;Hindu;0;0;0
TEPUS;Budhha;0;0;0
TEPUS;Konghucu;0;0;0
TEPUS;Aliran Kepercayaan;0;0;0
PURWODADI;Kristen;7;4;11
PURWODADI;Katolik;1;0;1
PURWODADI;Hindu;0;0;0
PURWODADI;Budhha;0;0;0
PURWODADI;Konghucu;0;0;0
PURWODADI;Aliran Kepercayaan;0;0;0
