PALBAPANG;KRISTEN;40;43;83
PALBAPANG;KATOLIK;197;222;419
PALBAPANG;HINDU;3;2;5
PALBAPANG;BUDDHA;0;0;0
PALBAPANG;KHONGHUCU;0;0;0
PALBAPANG;ALIRAN KEPERCAYAAN;0;0;0
RINGIN HARJO;KRISTEN;69;58;127
RINGIN HARJO;KATOLIK;65;53;118
RINGIN HARJO;HINDU;0;0;0
RINGIN HARJO;BUDDHA;0;1;1
RINGIN HARJO;KHONGHUCU;0;0;0
RINGIN HARJO;ALIRAN KEPERCAYAAN;0;0;0
BANTUL;KRISTEN;177;181;358
BANTUL;KATOLIK;412;434;846
BANTUL;HINDU;2;0;2
BANTUL;BUDDHA;0;1;1
BANTUL;KHONGHUCU;0;0;0
BANTUL;ALIRAN KEPERCAYAAN;2;0;2
TRIRENGGO;KRISTEN;118;134;252
TRIRENGGO;KATOLIK;350;371;721
TRIRENGGO;HINDU;1;1;2
TRIRENGGO;BUDDHA;0;0;0
TRIRENGGO;KHONGHUCU;0;0;0
TRIRENGGO;ALIRAN KEPERCAYAAN;0;0;0
SABDODADI;KRISTEN;36;40;76
SABDODADI;KATOLIK;55;56;111
SABDODADI;HINDU;1;0;1
SABDODADI;BUDDHA;0;0;0
SABDODADI;KHONGHUCU;0;0;0
SABDODADI;ALIRAN KEPERCAYAAN;0;0;0
