SELOPAMIORO;KRISTEN;11;8;19
SELOPAMIORO;KATOLIK;7;5;12
SELOPAMIORO;HINDU;0;0;0
SELOPAMIORO;BUDDHA;0;0;0
SELOPAMIORO;KHONGHUCU;0;0;0
SELOPAMIORO;ALIRAN KEPERCAYAAN;0;0;0
SRIHARJO;KRISTEN;20;23;43
SRIHARJO;KATOLIK;41;44;85
SRIHARJO;HINDU;0;0;0
SRIHARJO;BUDDHA;0;0;0
SRIHARJO;KHONGHUCU;0;0;0
SRIHARJO;ALIRAN KEPERCAYAAN;0;0;0
WUKIRSARI;KRISTEN;32;27;59
WUKIRSARI;KATOLIK;36;34;70
WUKIRSARI;HINDU;0;0;0
WUKIRSARI;BUDDHA;0;0;0
WUKIRSARI;KHONGHUCU;0;0;0
WUKIRSARI;ALIRAN KEPERCAYAAN;0;0;0
KEBONAGUNG;KRISTEN;20;17;37
KEBONAGUNG;KATOLIK;43;56;99
KEBONAGUNG;HINDU;0;0;0
KEBONAGUNG;BUDDHA;0;0;0
KEBONAGUNG;KHONGHUCU;1;0;1
KEBONAGUNG;ALIRAN KEPERCAYAAN;0;0;0
KARANG TENGAH;KRISTEN;2;3;5
KARANG TENGAH;KATOLIK;49;52;101
KARANG TENGAH;HINDU;0;0;0
KARANG TENGAH;BUDDHA;0;0;0
KARANG TENGAH;KHONGHUCU;0;0;0
KARANG TENGAH;ALIRAN KEPERCAYAAN;0;0;0
GIRIREJO;KRISTEN;9;5;14
GIRIREJO;KATOLIK;20;24;44
GIRIREJO;HINDU;0;0;0
GIRIREJO;BUDDHA;0;0;0
GIRIREJO;KHONGHUCU;0;0;0
GIRIREJO;ALIRAN KEPERCAYAAN;0;0;0
KARANGTALUN;KRISTEN;8;9;17
KARANGTALUN;KATOLIK;38;37;75
KARANGTALUN;HINDU;0;0;0
KARANGTALUN;BUDDHA;0;0;0
KARANGTALUN;KHONGHUCU;0;0;0
KARANGTALUN;ALIRAN KEPERCAYAAN;0;0;0
IMOGIRI;KRISTEN;13;19;32
IMOGIRI;KATOLIK;39;53;92
IMOGIRI;HINDU;0;0;0
IMOGIRI;BUDDHA;0;0;0
IMOGIRI;KHONGHUCU;0;0;0
IMOGIRI;ALIRAN KEPERCAYAAN;0;0;0
