PATALAN;KRISTEN;93;105;198
PATALAN;KATOLIK;48;53;101
PATALAN;HINDU;0;0;0
PATALAN;BUDDHA;0;0;0
PATALAN;KHONGHUCU;0;0;0
PATALAN;ALIRAN KEPERCAYAAN;2;0;2
CANDEN;KRISTEN;211;218;429
CANDEN;KATOLIK;45;41;86
CANDEN;HINDU;0;0;0
CANDEN;BUDDHA;0;0;0
CANDEN;KHONGHUCU;0;0;0
CANDEN;ALIRAN KEPERCAYAAN;1;0;1
SUMBER AGUNG;KRISTEN;135;140;275
SUMBER AGUNG;KATOLIK;60;73;133
SUMBER AGUNG;HINDU;0;0;0
SUMBER AGUNG;BUDDHA;0;0;0
SUMBER AGUNG;KHONGHUCU;0;0;0
SUMBER AGUNG;ALIRAN KEPERCAYAAN;0;0;0
TRIMULYO;KRISTEN;31;40;71
TRIMULYO;KATOLIK;57;54;111
TRIMULYO;HINDU;0;0;0
TRIMULYO;BUDDHA;0;0;0
TRIMULYO;KHONGHUCU;0;0;0
TRIMULYO;ALIRAN KEPERCAYAAN;0;0;0
