SRANDAKAN;KRISTEN;47;44;91
SRANDAKAN;KATOLIK;85;106;191
SRANDAKAN;HINDU;3;2;5
SRANDAKAN;BUDDHA;0;0;0
SRANDAKAN;KHONGHUCU;0;0;0
SRANDAKAN;ALIRAN KEPERCAYAAN;0;0;0
SANDEN;KRISTEN;13;26;39
SANDEN;KATOLIK;95;93;188
SANDEN;HINDU;1;1;2
SANDEN;BUDDHA;0;0;0
SANDEN;KHONGHUCU;0;0;0
SANDEN;ALIRAN KEPERCAYAAN;0;0;0
KRETEK;KRISTEN;119;151;270
KRETEK;KATOLIK;360;399;759
KRETEK;HINDU;12;6;18
KRETEK;BUDDHA;1;0;1
KRETEK;KHONGHUCU;0;0;0
KRETEK;ALIRAN KEPERCAYAAN;1;2;3
PUNDONG;KRISTEN;268;270;538
PUNDONG;KATOLIK;204;240;444
PUNDONG;HINDU;0;0;0
PUNDONG;BUDDHA;0;0;0
PUNDONG;KHONGHUCU;0;0;0
PUNDONG;ALIRAN KEPERCAYAAN;0;0;0
BAMBANG LIPURO;KRISTEN;173;173;346
BAMBANG LIPURO;KATOLIK;1.796;1.962;3.758
BAMBANG LIPURO;HINDU;4;7;11
BAMBANG LIPURO;BUDDHA;1;3;4
BAMBANG LIPURO;KHONGHUCU;0;0;0
BAMBANG LIPURO;ALIRAN KEPERCAYAAN;1;0;1
PANDAK;KRISTEN;161;201;362
PANDAK;KATOLIK;723;808;1.531
PANDAK;HINDU;4;6;10
PANDAK;BUDDHA;0;1;1
PANDAK;KHONGHUCU;1;0;1
PANDAK;ALIRAN KEPERCAYAAN;2;1;3
PAJANGAN;KRISTEN;144;154;298
PAJANGAN;KATOLIK;202;198;400
PAJANGAN;HINDU;2;2;4
PAJANGAN;BUDDHA;1;3;4
PAJANGAN;KHONGHUCU;0;0;0
PAJANGAN;ALIRAN KEPERCAYAAN;3;4;7
BANTUL;KRISTEN;440;456;896
BANTUL;KATOLIK;1.079;1.136;2.215
BANTUL;HINDU;7;3;10
BANTUL;BUDDHA;0;2;2
BANTUL;KHONGHUCU;0;0;0
BANTUL;ALIRAN KEPERCAYAAN;2;0;2
JETIS;KRISTEN;470;503;973
JETIS;KATOLIK;210;221;431
JETIS;HINDU;0;0;0
JETIS;BUDDHA;0;0;0
JETIS;KHONGHUCU;0;0;0
JETIS;ALIRAN KEPERCAYAAN;3;0;3
IMOGIRI;KRISTEN;115;111;226
IMOGIRI;KATOLIK;273;305;578
IMOGIRI;HINDU;0;0;0
IMOGIRI;BUDDHA;0;0;0
IMOGIRI;KHONGHUCU;1;0;1
IMOGIRI;ALIRAN KEPERCAYAAN;0;0;0
DLINGO;KRISTEN;26;35;61
DLINGO;KATOLIK;6;6;12
DLINGO;HINDU;0;0;0
DLINGO;BUDDHA;0;0;0
DLINGO;KHONGHUCU;0;0;0
DLINGO;ALIRAN KEPERCAYAAN;1;1;2
BANGUNTAPAN;KRISTEN;1.529;1.612;3.141
BANGUNTAPAN;KATOLIK;1.869;1.956;3.825
BANGUNTAPAN;HINDU;261;223;484
BANGUNTAPAN;BUDDHA;27;24;51
BANGUNTAPAN;KHONGHUCU;0;0;0
BANGUNTAPAN;ALIRAN KEPERCAYAAN;0;3;3
PLERET;KRISTEN;20;26;46
PLERET;KATOLIK;46;44;90
PLERET;HINDU;4;5;9
PLERET;BUDDHA;1;0;1
PLERET;KHONGHUCU;0;0;0
PLERET;ALIRAN KEPERCAYAAN;0;0;0
PIYUNGAN;KRISTEN;182;176;358
PIYUNGAN;KATOLIK;274;273;547
PIYUNGAN;HINDU;4;2;6
PIYUNGAN;BUDDHA;4;6;10
PIYUNGAN;KHONGHUCU;0;0;0
PIYUNGAN;ALIRAN KEPERCAYAAN;0;1;1
SEWON;KRISTEN;609;614;1.223
SEWON;KATOLIK;999;1.119;2.118
SEWON;HINDU;47;41;88
SEWON;BUDDHA;15;10;25
SEWON;KHONGHUCU;0;0;0
SEWON;ALIRAN KEPERCAYAAN;4;2;6
SEDAYU;KRISTEN;445;454;899
SEDAYU;KATOLIK;1.254;1.289;2.543
SEDAYU;HINDU;3;3;6
SEDAYU;BUDDHA;6;3;9
SEDAYU;KHONGHUCU;0;0;0
SEDAYU;ALIRAN KEPERCAYAAN;0;0;0
