BANGUJIWO;KRISTEN;231;218;449
BANGUJIWO;KATOLIK;264;289;553
BANGUJIWO;HINDU;14;14;28
BANGUJIWO;BUDDHA;4;5;9
BANGUJIWO;KHONGHUCU;0;0;0
BANGUJIWO;ALIRAN KEPERCAYAAN;0;0;0
TIRTONIRMOLO;KRISTEN;199;202;401
TIRTONIRMOLO;KATOLIK;598;635;1.233
TIRTONIRMOLO;HINDU;6;7;13
TIRTONIRMOLO;BUDDHA;1;0;1
TIRTONIRMOLO;KHONGHUCU;0;0;0
TIRTONIRMOLO;ALIRAN KEPERCAYAAN;0;0;0
TAMANTIRTO;KRISTEN;157;154;311
TAMANTIRTO;KATOLIK;438;485;923
TAMANTIRTO;HINDU;17;17;34
TAMANTIRTO;BUDDHA;10;5;15
TAMANTIRTO;KHONGHUCU;0;0;0
TAMANTIRTO;ALIRAN KEPERCAYAAN;4;4;8
NGESTIHARJO;KRISTEN;768;794;1.562
NGESTIHARJO;KATOLIK;1.153;1.268;2.421
NGESTIHARJO;HINDU;31;24;55
NGESTIHARJO;BUDDHA;35;36;71
NGESTIHARJO;KHONGHUCU;0;0;0
NGESTIHARJO;ALIRAN KEPERCAYAAN;0;1;1
