TIRTOMULYO;KRISTEN;23;31;54
TIRTOMULYO;KATOLIK;46;48;94
TIRTOMULYO;HINDU;4;2;6
TIRTOMULYO;BUDDHA;0;0;0
TIRTOMULYO;KHONGHUCU;0;0;0
TIRTOMULYO;ALIRAN KEPERCAYAAN;1;1;2
PARANGTRITIS;KRISTEN;52;66;118
PARANGTRITIS;KATOLIK;10;8;18
PARANGTRITIS;HINDU;1;0;1
PARANGTRITIS;BUDDHA;1;0;1
PARANGTRITIS;KHONGHUCU;0;0;0
PARANGTRITIS;ALIRAN KEPERCAYAAN;0;0;0
DONOTIRTO;KRISTEN;35;42;77
DONOTIRTO;KATOLIK;100;135;235
DONOTIRTO;HINDU;0;0;0
DONOTIRTO;BUDDHA;0;0;0
DONOTIRTO;KHONGHUCU;0;0;0
DONOTIRTO;ALIRAN KEPERCAYAAN;0;1;1
TIRTOSARI;KRISTEN;5;6;11
TIRTOSARI;KATOLIK;40;41;81
TIRTOSARI;HINDU;7;4;11
TIRTOSARI;BUDDHA;0;0;0
TIRTOSARI;KHONGHUCU;0;0;0
TIRTOSARI;ALIRAN KEPERCAYAAN;0;0;0
TIRTOHARJO;KRISTEN;4;6;10
TIRTOHARJO;KATOLIK;164;167;331
TIRTOHARJO;HINDU;0;0;0
TIRTOHARJO;BUDDHA;0;0;0
TIRTOHARJO;KHONGHUCU;0;0;0
TIRTOHARJO;ALIRAN KEPERCAYAAN;0;0;0
