TRI WIDADI;KRISTEN;30;43;73
TRI WIDADI;KATOLIK;14;15;29
TRI WIDADI;HINDU;0;0;0
TRI WIDADI;BUDDHA;0;0;0
TRI WIDADI;KHONGHUCU;0;0;0
TRI WIDADI;ALIRAN KEPERCAYAAN;1;4;5
SENDANGSARI;KRISTEN;38;38;76
SENDANGSARI;KATOLIK;64;57;121
SENDANGSARI;HINDU;2;2;4
SENDANGSARI;BUDDHA;1;0;1
SENDANGSARI;KHONGHUCU;0;0;0
SENDANGSARI;ALIRAN KEPERCAYAAN;0;0;0
GUWOSARI;KRISTEN;76;73;149
GUWOSARI;KATOLIK;124;126;250
GUWOSARI;HINDU;0;0;0
GUWOSARI;BUDDHA;0;3;3
GUWOSARI;KHONGHUCU;0;0;0
GUWOSARI;ALIRAN KEPERCAYAAN;2;0;2
