SITIMULYO;KRISTEN;80;66;146
SITIMULYO;KATOLIK;105;102;207
SITIMULYO;HINDU;0;1;1
SITIMULYO;BUDDHA;2;1;3
SITIMULYO;KHONGHUCU;0;0;0
SITIMULYO;ALIRAN KEPERCAYAAN;0;0;0
SRIMULYO;KRISTEN;58;65;123
SRIMULYO;KATOLIK;104;94;198
SRIMULYO;HINDU;3;1;4
SRIMULYO;BUDDHA;1;1;2
SRIMULYO;KHONGHUCU;0;0;0
SRIMULYO;ALIRAN KEPERCAYAAN;0;1;1
SRIMARTANI;KRISTEN;44;45;89
SRIMARTANI;KATOLIK;65;77;142
SRIMARTANI;HINDU;1;0;1
SRIMARTANI;BUDDHA;1;4;5
SRIMARTANI;KHONGHUCU;0;0;0
SRIMARTANI;ALIRAN KEPERCAYAAN;0;0;0
