WONOKROMO;KRISTEN;8;12;20
WONOKROMO;KATOLIK;21;16;37
WONOKROMO;HINDU;0;2;2
WONOKROMO;BUDDHA;0;0;0
WONOKROMO;KHONGHUCU;0;0;0
WONOKROMO;ALIRAN KEPERCAYAAN;0;0;0
PLERET;KRISTEN;9;11;20
PLERET;KATOLIK;20;25;45
PLERET;HINDU;2;2;4
PLERET;BUDDHA;0;0;0
PLERET;KHONGHUCU;0;0;0
PLERET;ALIRAN KEPERCAYAAN;0;0;0
SEGOROYOSO;KRISTEN;3;3;6
SEGOROYOSO;KATOLIK;5;3;8
SEGOROYOSO;HINDU;0;0;0
SEGOROYOSO;BUDDHA;1;0;1
SEGOROYOSO;KHONGHUCU;0;0;0
SEGOROYOSO;ALIRAN KEPERCAYAAN;0;0;0
BAWURAN;KRISTEN;0;0;0
BAWURAN;KATOLIK;0;0;0
BAWURAN;HINDU;2;1;3
BAWURAN;BUDDHA;0;0;0
BAWURAN;KHONGHUCU;0;0;0
BAWURAN;ALIRAN KEPERCAYAAN;0;0;0
WONOLELO;KRISTEN;0;0;0
WONOLELO;KATOLIK;0;0;0
WONOLELO;HINDU;0;0;0
WONOLELO;BUDDHA;0;0;0
WONOLELO;KHONGHUCU;0;0;0
WONOLELO;ALIRAN KEPERCAYAAN;0;0;0
