SELOHARJO;KRISTEN;0;3;3
SELOHARJO;KATOLIK;10;12;22
SELOHARJO;HINDU;0;0;0
SELOHARJO;BUDDHA;0;0;0
SELOHARJO;KHONGHUCU;0;0;0
SELOHARJO;ALIRAN KEPERCAYAAN;0;0;0
PANJANG REJO;KRISTEN;34;28;62
PANJANG REJO;KATOLIK;96;123;219
PANJANG REJO;HINDU;0;0;0
PANJANG REJO;BUDDHA;0;0;0
PANJANG REJO;KHONGHUCU;0;0;0
PANJANG REJO;ALIRAN KEPERCAYAAN;0;0;0
SRI HARDONO;KRISTEN;234;239;473
SRI HARDONO;KATOLIK;98;105;203
SRI HARDONO;HINDU;0;0;0
SRI HARDONO;BUDDHA;0;0;0
SRI HARDONO;KHONGHUCU;0;0;0
SRI HARDONO;ALIRAN KEPERCAYAAN;0;0;0
