PENDOWOHARJO;KRISTEN;104;113;217
PENDOWOHARJO;KATOLIK;321;376;697
PENDOWOHARJO;HINDU;9;10;19
PENDOWOHARJO;BUDDHA;2;2;4
PENDOWOHARJO;KHONGHUCU;0;0;0
PENDOWOHARJO;ALIRAN KEPERCAYAAN;3;2;5
TIMBULHARJO;KRISTEN;68;60;128
TIMBULHARJO;KATOLIK;108;105;213
TIMBULHARJO;HINDU;5;2;7
TIMBULHARJO;BUDDHA;5;2;7
TIMBULHARJO;KHONGHUCU;0;0;0
TIMBULHARJO;ALIRAN KEPERCAYAAN;0;0;0
BANGUNHARJO;KRISTEN;177;177;354
BANGUNHARJO;KATOLIK;239;265;504
BANGUNHARJO;HINDU;16;13;29
BANGUNHARJO;BUDDHA;4;3;7
BANGUNHARJO;KHONGHUCU;0;0;0
BANGUNHARJO;ALIRAN KEPERCAYAAN;1;0;1
PANGGUNGHARJO;KRISTEN;260;264;524
PANGGUNGHARJO;KATOLIK;331;373;704
PANGGUNGHARJO;HINDU;17;16;33
PANGGUNGHARJO;BUDDHA;4;3;7
PANGGUNGHARJO;KHONGHUCU;0;0;0
PANGGUNGHARJO;ALIRAN KEPERCAYAAN;0;0;0
