JATIMULYO;Kristen;14;18;32
JATIMULYO;Katolik;10;7;17
JATIMULYO;Hindu;0;0;0
JATIMULYO;Buddha;276;295;571
JATIMULYO;Konghucu;0;0;0
JATIMULYO;Aliran Kepercayaan;0;0;0
GIRIPURWO;Kristen;12;18;30
GIRIPURWO;Katolik;73;76;149
GIRIPURWO;Hindu;0;0;0
GIRIPURWO;Buddha;0;0;0
GIRIPURWO;Konghucu;0;0;0
GIRIPURWO;Aliran Kepercayaan;0;1;1
PENDOWOREJO;Kristen;9;13;22
PENDOWOREJO;Katolik;119;132;251
PENDOWOREJO;Hindu;0;0;0
PENDOWOREJO;Buddha;0;0;0
PENDOWOREJO;Konghucu;0;0;0
PENDOWOREJO;Aliran Kepercayaan;0;0;0
PURWOSARI;Kristen;23;23;46
PURWOSARI;Katolik;352;406;758
PURWOSARI;Hindu;0;0;0
PURWOSARI;Buddha;0;0;0
PURWOSARI;Konghucu;0;0;0
PURWOSARI;Aliran Kepercayaan;0;0;0
