﻿TEMON;Kristen;651;708;1.359
TEMON;Katolik;107;113;220
TEMON;Hindu;1;0;1
TEMON;Buddha;1;1;2
TEMON;Konghucu;0;0;0
TEMON;Aliran Kepercayaan;1;0;1
WATES;Kristen;431;486;917
WATES;Katolik;490;511;1.001
WATES;Hindu;5;9;14
WATES;Buddha;3;4;7
WATES;Konghucu;0;0;0
WATES;Aliran Kepercayaan;1;0;1
PANJATAN;Kristen;112;138;250
PANJATAN;Katolik;67;58;125
PANJATAN;Hindu;0;0;0
PANJATAN;Buddha;0;1;1
PANJATAN;Konghucu;0;0;0
PANJATAN;Aliran Kepercayaan;0;0;0
GALUR;Kristen;39;43;82
GALUR;Katolik;74;88;162
GALUR;Hindu;0;0;0
GALUR;Buddha;0;2;2
GALUR;Konghucu;0;0;0
GALUR;Aliran Kepercayaan;0;0;0
LENDAH;Kristen;139;170;309
LENDAH;Katolik;95;100;195
LENDAH;Hindu;0;0;0
LENDAH;Buddha;0;0;0
LENDAH;Konghucu;0;0;0
LENDAH;Aliran Kepercayaan;0;0;0
SENTOLO;Kristen;312;356;668
SENTOLO;Katolik;644;721;1.365
SENTOLO;Hindu;1;0;1
SENTOLO;Buddha;1;2;3
SENTOLO;Konghucu;0;0;0
SENTOLO;Aliran Kepercayaan;1;0;1
PENGASIH;Kristen;445;425;870
PENGASIH;Katolik;728;778;1.506
PENGASIH;Hindu;1;2;3
PENGASIH;Buddha;1;4;5
PENGASIH;Konghucu;0;0;0
PENGASIH;Aliran Kepercayaan;0;0;0
KOKAP;Kristen;156;164;320
KOKAP;Katolik;156;189;345
KOKAP;Hindu;0;0;0
KOKAP;Buddha;2;5;7
KOKAP;Konghucu;0;0;0
KOKAP;Aliran Kepercayaan;0;0;0
GIRIMULYO;Kristen;58;72;130
GIRIMULYO;Katolik;554;621;1.175
GIRIMULYO;Hindu;0;0;0
GIRIMULYO;Buddha;276;295;571
GIRIMULYO;Konghucu;0;0;0
GIRIMULYO;Aliran Kepercayaan;0;1;1
NANGGULAN;Kristen;133;122;255
NANGGULAN;Katolik;1.087;1.220;2.307
NANGGULAN;Hindu;0;1;1
NANGGULAN;Buddha;0;0;0
NANGGULAN;Konghucu;0;0;0
NANGGULAN;Aliran Kepercayaan;0;0;0
SAMIGALUH;Kristen;202;243;445
SAMIGALUH;Katolik;1.369;1.498;2.867
SAMIGALUH;Hindu;2;1;3
SAMIGALUH;Buddha;0;0;0
SAMIGALUH;Konghucu;0;0;0
SAMIGALUH;Aliran Kepercayaan;5;3;8
KALIBAWANG;Kristen;33;38;71
KALIBAWANG;Katolik;2.828;3.053;5.881
KALIBAWANG;Hindu;1;0;1
KALIBAWANG;Buddha;1;0;1
KALIBAWANG;Konghucu;0;0;0
KALIBAWANG;Aliran Kepercayaan;1;1;2
