BANJARARUM;Kristen;7;7;14
BANJARARUM;Katolik;283;320;603
BANJARARUM;Hindu;0;0;0
BANJARARUM;Buddha;0;0;0
BANJARARUM;Konghucu;0;0;0
BANJARARUM;Aliran Kepercayaan;1;1;2
BANJARASRI;Kristen;10;11;21
BANJARASRI;Katolik;1.322;1.430;2.752
BANJARASRI;Hindu;0;0;0
BANJARASRI;Buddha;1;0;1
BANJARASRI;Konghucu;0;0;0
BANJARASRI;Aliran Kepercayaan;0;0;0
BANJARHARJO;Kristen;6;8;14
BANJARHARJO;Katolik;439;463;902
BANJARHARJO;Hindu;0;0;0
BANJARHARJO;Buddha;0;0;0
BANJARHARJO;Konghucu;0;0;0
BANJARHARJO;Aliran Kepercayaan;0;0;0
BANJAROYO;Kristen;10;12;22
BANJAROYO;Katolik;784;840;1.624
BANJAROYO;Hindu;1;0;1
BANJAROYO;Buddha;0;0;0
BANJAROYO;Konghucu;0;0;0
BANJAROYO;Aliran Kepercayaan;0;0;0
