HARGOMULYO;Kristen;15;9;24
HARGOMULYO;Katolik;1;1;2
HARGOMULYO;Hindu;0;0;0
HARGOMULYO;Buddha;0;2;2
HARGOMULYO;Konghucu;0;0;0
HARGOMULYO;Aliran Kepercayaan;1;1;2
HARGOREJO;Kristen;83;91;174
HARGOREJO;Katolik;128;159;287
HARGOREJO;Hindu;0;0;0
HARGOREJO;Buddha;1;1;2
HARGOREJO;Konghucu;0;0;0
HARGOREJO;Aliran Kepercayaan;0;0;0
HARGOWILIS;Kristen;12;7;19
HARGOWILIS;Katolik;15;13;28
HARGOWILIS;Hindu;0;0;0
HARGOWILIS;Buddha;0;0;0
HARGOWILIS;Konghucu;0;0;0
HARGOWILIS;Aliran Kepercayaan;0;0;0
KALIREJO;Kristen;40;47;87
KALIREJO;Katolik;6;14;20
KALIREJO;Hindu;1;0;1
KALIREJO;Buddha;0;0;0
KALIREJO;Konghucu;0;0;0
KALIREJO;Aliran Kepercayaan;0;0;0
HARGOTIRTO;Kristen;6;10;16
HARGOTIRTO;Katolik;6;2;8
HARGOTIRTO;Hindu;1;0;1
HARGOTIRTO;Buddha;1;2;3
HARGOTIRTO;Konghucu;0;0;0
HARGOTIRTO;Aliran Kepercayaan;0;0;0
