WAHYUHARJO;Kristen;3;5;8
WAHYUHARJO;Katolik;2;4;6
WAHYUHARJO;Hindu;0;0;0
WAHYUHARJO;Buddha;0;0;0
WAHYUHARJO;Konghucu;0;0;0
WAHYUHARJO;Aliran Kepercayaan;0;0;0
BUMIREJO;Kristen;7;12;19
BUMIREJO;Katolik;47;43;90
BUMIREJO;Hindu;0;0;0
BUMIREJO;Buddha;0;0;0
BUMIREJO;Konghucu;0;0;0
BUMIREJO;Aliran Kepercayaan;0;0;0
JATIREJO;Kristen;31;37;68
JATIREJO;Katolik;26;25;51
JATIREJO;Hindu;0;0;0
JATIREJO;Buddha;0;0;0
JATIREJO;Konghucu;0;0;0
JATIREJO;Aliran Kepercayaan;0;0;0
SIDOREJO;Kristen;4;5;9
SIDOREJO;Katolik;3;3;6
SIDOREJO;Hindu;0;0;0
SIDOREJO;Buddha;0;0;0
SIDOREJO;Konghucu;0;0;0
SIDOREJO;Aliran Kepercayaan;0;0;0
GULUREJO;Kristen;3;9;12
GULUREJO;Katolik;5;9;14
GULUREJO;Hindu;0;0;0
GULUREJO;Buddha;0;0;0
GULUREJO;Konghucu;0;0;0
GULUREJO;Aliran Kepercayaan;0;0;0
NGENTAKREJO;Kristen;91;102;193
NGENTAKREJO;Katolik;12;16;28
NGENTAKREJO;Hindu;0;0;0
NGENTAKREJO;Buddha;0;0;0
NGENTAKREJO;Konghucu;0;0;0
NGENTAKREJO;Aliran Kepercayaan;0;0;0
