TAWANGSARI;Kristen;35;30;65
TAWANGSARI;Katolik;23;18;41
TAWANGSARI;Hindu;0;0;0
TAWANGSARI;Buddha;0;0;0
TAWANGSARI;Konghucu;0;0;0
TAWANGSARI;Aliran Kepercayaan;0;0;0
KARANGSARI;Kristen;35;42;77
KARANGSARI;Katolik;38;52;90
KARANGSARI;Hindu;0;0;0
KARANGSARI;Buddha;0;0;0
KARANGSARI;Konghucu;0;0;0
KARANGSARI;Aliran Kepercayaan;0;0;0
KEDUNGSARI;Kristen;118;105;223
KEDUNGSARI;Katolik;348;371;719
KEDUNGSARI;Hindu;0;0;0
KEDUNGSARI;Buddha;0;0;0
KEDUNGSARI;Konghucu;0;0;0
KEDUNGSARI;Aliran Kepercayaan;0;0;0
MARGOSARI;Kristen;70;62;132
MARGOSARI;Katolik;113;128;241
MARGOSARI;Hindu;0;0;0
MARGOSARI;Buddha;0;0;0
MARGOSARI;Konghucu;0;0;0
MARGOSARI;Aliran Kepercayaan;0;0;0
PENGASIH;Kristen;146;152;298
PENGASIH;Katolik;166;167;333
PENGASIH;Hindu;1;2;3
PENGASIH;Buddha;1;4;5
PENGASIH;Konghucu;0;0;0
PENGASIH;Aliran Kepercayaan;0;0;0
SENDANGSARI;Kristen;21;16;37
SENDANGSARI;Katolik;17;25;42
SENDANGSARI;Hindu;0;0;0
SENDANGSARI;Buddha;0;0;0
SENDANGSARI;Konghucu;0;0;0
SENDANGSARI;Aliran Kepercayaan;0;0;0
SIDOMULYO;Kristen;20;18;38
SIDOMULYO;Katolik;23;17;40
SIDOMULYO;Hindu;0;0;0
SIDOMULYO;Buddha;0;0;0
SIDOMULYO;Konghucu;0;0;0
SIDOMULYO;Aliran Kepercayaan;0;0;0
