KEBONHARJO;Kristen;86;97;183
KEBONHARJO;Katolik;66;75;141
KEBONHARJO;Hindu;0;0;0
KEBONHARJO;Buddha;0;0;0
KEBONHARJO;Konghucu;0;0;0
KEBONHARJO;Aliran Kepercayaan;1;1;2
BANJARSARI;Kristen;3;7;10
BANJARSARI;Katolik;263;298;561
BANJARSARI;Hindu;0;0;0
BANJARSARI;Buddha;0;0;0
BANJARSARI;Konghucu;0;0;0
BANJARSARI;Aliran Kepercayaan;1;0;1
PURWOHARJO;Kristen;3;6;9
PURWOHARJO;Katolik;222;247;469
PURWOHARJO;Hindu;0;0;0
PURWOHARJO;Buddha;0;0;0
PURWOHARJO;Konghucu;1;0;1
PURWOHARJO;Aliran Kepercayaan;0;0;0
SIDOHARJO;Kristen;15;17;32
SIDOHARJO;Katolik;314;318;632
SIDOHARJO;Hindu;2;1;3
SIDOHARJO;Buddha;0;0;0
SIDOHARJO;Konghucu;0;0;0
SIDOHARJO;Aliran Kepercayaan;2;2;4
GERBOSARI;Kristen;13;19;32
GERBOSARI;Katolik;76;78;154
GERBOSARI;Hindu;0;0;0
GERBOSARI;Buddha;0;0;0
GERBOSARI;Konghucu;0;0;0
GERBOSARI;Aliran Kepercayaan;0;0;0
NGARGOSARI;Kristen;12;15;27
NGARGOSARI;Katolik;171;205;376
NGARGOSARI;Hindu;0;0;0
NGARGOSARI;Buddha;0;0;0
NGARGOSARI;Konghucu;0;0;0
NGARGOSARI;Aliran Kepercayaan;0;0;0
PAGERHARJO;Kristen;70;82;152
PAGERHARJO;Katolik;257;277;534
PAGERHARJO;Hindu;0;0;0
PAGERHARJO;Buddha;0;0;0
PAGERHARJO;Konghucu;0;0;0
PAGERHARJO;Aliran Kepercayaan;0;0;0
