DEMANGREJO;Kristen;17;13;30
DEMANGREJO;Katolik;182;187;369
DEMANGREJO;Hindu;0;0;0
DEMANGREJO;Buddha;0;0;0
DEMANGREJO;Konghucu;0;0;0
DEMANGREJO;Aliran Kepercayaan;0;0;0
SRIKAYANGAN;Kristen;5;7;12
SRIKAYANGAN;Katolik;131;139;270
SRIKAYANGAN;Hindu;0;0;0
SRIKAYANGAN;Buddha;0;0;0
SRIKAYANGAN;Konghucu;0;0;0
SRIKAYANGAN;Aliran Kepercayaan;0;0;0
TUKSONO;Kristen;42;38;80
TUKSONO;Katolik;7;9;16
TUKSONO;Hindu;0;0;0
TUKSONO;Buddha;1;2;3
TUKSONO;Konghucu;0;0;0
TUKSONO;Aliran Kepercayaan;0;0;0
SALAMREJO;Kristen;31;44;75
SALAMREJO;Katolik;43;62;105
SALAMREJO;Hindu;0;0;0
SALAMREJO;Buddha;0;0;0
SALAMREJO;Konghucu;0;0;0
SALAMREJO;Aliran Kepercayaan;1;0;1
SUKORENO;Kristen;10;10;20
SUKORENO;Katolik;87;102;189
SUKORENO;Hindu;1;2;3
SUKORENO;Buddha;1;4;5
SUKORENO;Konghucu;0;0;0
SUKORENO;Aliran Kepercayaan;0;0;0
KALI AGUNG;Kristen;77;89;166
KALI AGUNG;Katolik;31;37;68
KALI AGUNG;Hindu;1;0;1
KALI AGUNG;Buddha;0;0;0
KALI AGUNG;Konghucu;0;0;0
KALI AGUNG;Aliran Kepercayaan;0;0;0
SENTOLO;Kristen;124;144;268
SENTOLO;Katolik;155;172;327
SENTOLO;Hindu;0;0;0
SENTOLO;Buddha;0;0;0
SENTOLO;Konghucu;0;0;0
SENTOLO;Aliran Kepercayaan;0;0;0
BANGUNCIPTO;Kristen;6;11;17
BANGUNCIPTO;Katolik;8;13;21
BANGUNCIPTO;Hindu;0;0;0
BANGUNCIPTO;Buddha;0;0;0
BANGUNCIPTO;Konghucu;0;0;0
BANGUNCIPTO;Aliran Kepercayaan;0;0;0
