1;GK. Santa Theresia Lisieux;Boro;KAS;d/a : Banjardari, Kalibawang, Kulonprogo 55572, Telp. 02747495885;K.Progo
2;Gereja Stasi St. Jurugan;Boro;KAS;Jurugan, Banjarasri, Kalibawang, Kp.;K.Progo
3;Gereja Stasi St.Yusuf Tosari;Boro;KAS;Tosari, Banjarasri, Kalibawang, Kp.;K.Progo
4;Gereja Stasi St. Maria Gejlik;Boro;KAS;Gejlik, Banjarasri, Kalibawang, Kp.;K.Progo
5;Gereja Stasi St. Thomas Gerpule;Boro;KAS;Gerpule, Banjarharjo, Kalibawang, Kp.;K.Progo
6;Gereja Stasi St.Natonius Nglebeng;Boro;KAS;Nglebeng, Banjarasri, Kalibawang, Kp.;K.Progo
7;Gereja Stasi St. Yohanes Berchman;Boro;KAS;Sudimoro, Banjarharjo, Kalibawang, Kp.;K.Progo
8;Gereja Stasi St. Philipus Hargogondo;Boro;KAS;Hargogondo, Banjarharjo, Kalibawang, Kp.;K.Progo
9;Gereja Stasi St. Maria Kriyan;Boro;KAS;Kriyan, Banjararum, Kalibawang, Kp.;K.Progo
10;Gereja Stasi St. Yusuf Tukharjo;Boro;KAS;Tukharjo, Purwoharjo, Samigaluh, Kp.;K.Progo
11;Gereja Stasi St. Aloysius Kemiriombo;Boro;KAS;Kemiriombo, Purwoharjo, Samigaluh, Kp.;K.Progo
12;Gereja Stasi St. Maria Vianey Kagok;Boro;KAS;Kagok, Banjarasri, Kalibawang, Kp.;K.Progo
13;Gereja Stasi St. Ignatius Loyola Samigaluh;Boro;KAS;Nguntuk - untuk, Gerbosari, Samigaluh, Kp.;K.Progo
14;Gereja Stasi St.Lucia Kalirejo;Boro;KAS;Suren, Pagerharjo, Samigaluh, Kp.;K.Progo
15;Gereja Stasi St. Yusuf Balong;Boro;KAS;Balong, Banjarasri, Samigaluh, Kp.;K.Progo
16;Gereja Stasi St. Maria Assumpta Gorolangu;Boro;KAS;Gorolangu, Sidoharjo, Samigaluh, Kp.;K.Progo
17;Gereja Stasi St. Paulus Kaliwunglon;Boro;KAS;Kaliwunglon, Banjarasri, Samigi, Kp.;K.Progo
18;Gereja Stasi St. Paulus Madigondo;Boro;KAS;Madigondo, Sadiharjo, Samigaluh, Kp.;K.Progo
19;Gereja Stasi St. Yusuf Nyemani;Boro;KAS;Nyemani, Sidoharjo, Samigaluh, Kp.;K.Progo
20;Gereja Stasi St. Fransiskus Xaverius Sumbo;Boro;KAS;Sumbo, Ngargosari, Samigaluh, Kp.;K.Progo
21;Gereja Stasi St. Yusuf Tirip;Boro;KAS;Tirip, Banjarasri, Kalibawang, Kp.;K.Progo
22;Kapel Bruderan FIC. Boro;Boro;KAS;Boro, Banjarasri, Kalibawang, Kp.;K.Progo
23;Kapel Susteran OSF. Boro;Boro;KAS;Boro, Banjarasri, Kalibawang, Kp.;K.Progo
24;GK. St. Perawan Maria Laordes;Promasan;KAS;D/a : Banjaroya, Pos Kalibawang Kulonprogo. 55672, Telp. 08282765733;K.Progo
25;Gereja Stasi St. Yusuf Bogo;Promasan;KAS;Bogo, Banjarharjo, Kalibawang, Kp.;K.Progo
26;Gereja Stasi St. Martinus Slanden;Promasan;KAS;Slanden, Banjaroya, Kalibawang, Kp.;K.Progo
27;Gereja Stasi St. Maria Duren Sawit;Promasan;KAS;Durensawit, Banjaroya, Kalibawang, Kp.;K.Progo
28;Gereja Stasi St. Yakobus Promsan;Promasan;KAS;Promasan, Banjaroya, Kalibawang, Kp.;K.Progo
29;Gereja Stasi St. Maria Camel Dlingseng;Promasan;KAS;Banjaroya, kalibawang, Kp.;K.Progo
30;Gereja Stasi St. Yusuf Tuksongo;Promasan;KAS;Semagung, Banjaroya, Kalibawang. Kp.;K.Progo
31;Gereja Stasi St. Lukas Kajoran;Promasan;KAS;Kejoran, Banjaroya, Kalibawang, Kp.;K.Progo
32;Gereja Stasi St. Yusuf Wonotawang;Promasan;KAS;Wonotawang, Sidoharja, Samigaluh;K.Progo
33;Gereja Stasi St. Maria Wiladah Tanjung;Promasan;KAS;Tanjung, Banjaroya, Kalibawang, Kp.;K.Progo
34;Gereja Stasi St. Maria Assumpta Kalisentul;Promasan;KAS;Kalisentul, Banjarharja, Kalibawang, Kp.;K.Progo
35;Gereja Stasi St. Maria Ratu Risario Pilengan;Promasan;KAS;Plengan, Banjaroya, Kalibawang, Kp.;K.Progo
36;Gereja Stasi St. Yakobus Kajoran Pelem;Promasan;KAS;Semawung, Banjaroya, Kalibawang, Kp.;K.Progo
37;GK. St. Maria Mater Del Bonoharjo;Bonoharjo;KAS;Jl. Raya kenteng Brosot Km. 01 No. 20, Demangrejo, Sentolo;K.Progo
38;Gereja Stasi St. Yusup;Bonoharjo;KAS;Jl. Siwalan Sentolo, Kulonprogo;K.Progo
39;Gereja Stasi St. Monica Kedungsari;Bonoharjo;KAS;Kedungsari, Margosari, Pengasih, Kp.;K.Progo
40;Gereja Stasi St. Theresia;Bonoharjo;KAS;Brosot, Lendah, Kulonprogo;K.Progo
41;Gereja Stasi St. Yusup;Bonoharjo;KAS;Kalimenur, Sukoreno, Sentolo, Kp.;K.Progo
42;GK. St. Bunda Panasehat Baik;Wates;KAS;Jl, Sanun 23 Wates, Kulonprogo, Yk 55611 Telp. 0274443162;K.Progo
43;Gereja Stasi St. Yusuf Wilayah Kokap;Wates;KAS;Jl. Kalirejo, Ngaseman, Hargoreja, Kp;K.Progo
44;Gereja Stasi St. Carolus Borromeus Temon;Wates;KAS;Bayeman, Sindutan, Temon, Kp.;K.Progo
45;Gereja Stasi St. Yoh. Kemaras Wilayah Wates III;Wates;KAS;Kemaras, Sidomulyo, Pengasih, Kp.;K.Progo
46;Kapel Susteran Abdi Kristus Wates;Wates;KAS;Jl. Bhayangkara 82, Pengasih, Wts.;K.Progo
47;GK. St. Perawan Maria Tak Bercela;Nanggulan;KAS;D/a : Karang, Jatisarono, Nanggulan, KP 55671. Telp. 02747110706;K.Progo
48;Gereja Stais St. Yusuf Wijimulyo;Nanggulan;KAS;Setan, Wijimulyo, Nanggulan, Kp.;K.Progo
49;Gereja Stais St. Damianus Demen;Nanggulan;KAS;Demen, Wijimulyo, Nanggulan, Kp.;K.Progo
50;Gereja Stais St. Gregorius Rejoso;Nanggulan;KAS;Rejoso, Wijimulyo, Nanggulan, Kp.;K.Progo
51;Gereja Stais St. Albertus Janti;Nanggulan;KAS;Janti, Jatisarono< Nanggulan, Kp.;K.Progo
52;Gereja Stais St. Andreas Krinjing;Nanggulan;KAS;Krinjing, Jatisarono, Nangg, Kp.;K.Progo
53;Gereja Stais St. Ignatius Kenteng;Nanggulan;KAS;Kenteng, Kembang, Nanggulan;K.Progo
54;Gereja Stais St. Benedictus Kamal;Nanggulan;KAS;Kamal, Pendoworejo, Girimulyo, Kp.;K.Progo
55;Gereja Stais St. Petrus Niten;Nanggulan;KAS;Niten, Purwoharjo, Girimulya, Kp.;K.Progo
56;Gereja Stais St. Frans de Sales Plugon;Nanggulan;KAS;Plugon, Donomulyo, Nanggulan, Kp.;K.Progo
57;Kapel Susteran PIJ. Nanggulan;Nanggulan;KAS;Karang, Jatisarono, Nanggulan, Kp.;K.Progo
58;GK.St.Maria Fatima Pelem Dukuh;Pelem Dukuh (Adm);KAS;Patihombo,Purwosari,Girimulyo,Kulonprogo;K.progo
59;GK.Santo yokubus;Bantul;KAS;Jl.Mgr.Soegijapranata 1 Klodran,Bantul.5571 telp:(0274)367409;Bantul
60;Gereja Stasi St.Maria Rosari Gesikan;Bantul;KAS;Pijenan,Wijireja,Pandak,Bantul;Bantul
61;Gereja Stasi St.Yokubus Alfeus Pajangan;Bantul;KAS;Kamirojo,Sendangsari,Pajangan,Bantul;Bantul
62;Gereja Stasi Mater Dei Imogiri;Bantul;KAS;Jl.Raya Imogiri,Imogiri,Bantul;Bantul
63;Gereja Stasi St.Silvester Pundung;Bantul;KAS;Pundung,Wukisari,Imogiri Bantul;Bantul
64;Gereja Stasi St.Theresia;Bantul;KAS;Brosot,Lendah,Kulomprogo;Bantul
65;GK.Hati Kudus Tuhan Yesus;Ganjuran(Juni 1924);KAS;d/a:Ganjuran,Sumbermulyo,Bblipuro,Bantul Yk.66746 Telp:(0274)367154;Bantul
66;Gereja Stasi St. Albertus Magnus Daleman;Ganjuran(Juni 1924);KAS;Gilingharja,Pandek-Bantul;Bantul
67;Gereja Stasi St. Thomas Kurabaya;Ganjuran(Juni 1924);KAS;Catuharja Pandak-Bantul;Bantul
68;Gereja Stasi St.Yusup Kretek;Ganjuran(Juni 1924);KAS;Mriyan,Donotirto,Kretek-Bantul;Bantul
69;Gereja stasi St.Lukas Tambran;Ganjuran(Juni 1924);KAS;Tarungan,Panjangreja,pundong-Bantul;Bantul
70;Gereja Stasi St.Markus Ngireng-ireng;Ganjuran(Juni 1924);KAS;Sidomulyo,Bambanglipuro-Bantul;Bantul
71;Gereja Stasi Simon Gunturgeni;Ganjuran(Juni 1924);KAS;Pomcosari,Srandakan Bantul;Bantul
72;Gereja Stasi St.Yusup Baros;Ganjuran(Juni 1924);KAS;Tirtohargo,Kretek-Bantul;Bantul
73;Gk St.Theresia;Sedayu;KAS;d/a:Sedayu,gubung,argosari Pos Sedayu,Bantul 55752 Telp:(0274) 7487751;Bantul
74;Gereja Stasi St.Yusup Metes;Sedayu;KAS;Argareja,Sedayu-Bantul;Bantul
75;Gereja Stasi St.Yusuf Demangan;Sedayu;KAS;Argadadi,Sedayu-Bantul;Bantul
76;Gereja Stasi St.Mateus Jurug;Sedayu;KAS;Argasari,Sedayu-Bantul;Bantul
77;Gereja Stasi St.Ambrosius Sumbersari;Sedayu;KAS;Tiwie,Sumbersari,Moyudan-Sleman;Bantul
78;Gereja Stasi St.Maria Regina Kaliduren;Sedayu;KAS;Sumberagung,Moyudan-Sleman;Bantul
79;Gereja Stasi St.Yusuf Sentolo;Sedayu;KAS;Siwalan,Sentolo,Kp;Bantul
80;GK.Santo Paulus;Pringgolayan(Adm);KAS;Jl.Wulung No.9 Pringgolayangan,Banguntapan Bantul.Hp:08122503390.Telp.(0274) 382742;Bantul
81;Gereja  Stasi St.Yusuf Padokan(Pugeran);Pringgolayan(Adm);KAS;Tirtonirmolo,Kasihan,Bantul;Bantul
82;Gereja Stasi Salib Sucing gunung Sempu(Pgr);Pringgolayan(Adm);KAS;Tamantirta,Kasihan,Bantul;Bantul
83;Gereja Stasi St.Martinus Bangunharja(Pugeran);Pringgolayan(Adm);KAS;Bangunharja,Sewon,Bantul;Bantul
84;Gereja Stasi St.Petrus kanisius Nitiprayan(Pgr);Pringgolayan(Adm);KAS;Nitiprayan,Kasihan,Bantul;Bantul
85;Gereja Stasi St.Bernadeta Ngebel (Pugeran);Pringgolayan(Adm);KAS;Tamantirta,Kasihan,Bantul;Bantul
86;GK.Santa Maria Assumpta;Babarsari;KAS;Jl.Inspeksi Selokan Mataram Babarsari.Yk 55281 Telp (0274)487202;Sleman
87;GK.Keluarga Kudus;Banteng;KAS;Jl.Kaliurang Km 7.5 Banteng,Ngaglik,Sleman Tlp.(0274) 880137;Sleman
88;Gereja Stasi St.Antonius Padua Gadingen;Banteng;KAS;Gadingan,Sinduharja,Ngaglik,Sleman;Sleman
89;Gereja Stasi St.Yohanes Berchmans Gejayan;Banteng;KAS;Gejayan,Concat,Depok,Sleman;Sleman
90;Gereja Stasi St. Don Bosco Sengkan;Banteng;KAS;Sengkan;Sleman
91;Kapel Biara OCD;Banteng;KAS;Gadingan,Sinduharja,Ngaglik,Sleman;Sleman
92;GK.Santa Maria Assumpta;Gamping;KAS;d/a:Gamping Tengah RT 03 RW 15 Ambarketawang  Gamping Sleman 55294 Telp (0274) 4798748;Sleman
93;Kapel Brayat Minutya Balecatur;Gamping;KAS;Nyamplung Kidul,Balecatur,Gamping;Sleman
94;Kapel St.Maria Gancahan;Gamping;KAS;Gancahan VIII,Sidomulyo,Godean;Sleman
95;Kapel St.Aloysius Gonzaga Gesikan;Gamping;KAS;Ngerenak,Sidomulyo,Godean,Sleman;Sleman
96;GK.Marganingsih;Kalasan;KAS;Jl.Solo Km 13,5 Kalasan,Sleman,Yogyakarta 55571 Telp (0274) 496023;Sleman
97;Gereja Stasi Bunda Marisa Maguwaharja;Kalasan;KAS;Maguwaharja,Depok,Sleman;Sleman
98;Gereja Stasi Hati Kudus Yesus Macanan;Kalasan;KAS;Madureja,Prambanan-Sleman;Sleman
99;Gereja Stasi St.Yusup Berbah;Kalasan;KAS;Tanjungtirta,Kalitirta,Berbah-Sleman;Sleman
100;Gereja Stasi St. Lukas Prambanan;Kalasan;KAS;Karangkidul,Prambanan,klaten;Sleman
101;Gereja Stasi St. Ignatus Ternanggal;Kalasan;KAS;Purwomartan,Kalasan,Sleman;Sleman
102;Gereja Stasi St. Yohanes Pernandi Payak;Kalasan;KAS;Srimulyo,Piyungan-Bantul;Sleman
103;Gereja Stasi St.Petrus Karanglo;Kalasan;KAS;Purwomartani,Kalasan,Sleman;Sleman
104;Gereja Stasi St Theodosius Cupuwatu;Kalasan;KAS;Purwomartani,Kalasan,Sleman;Sleman
105;Gereja Stasi St.Yusup Kemudo;Kalasan;KAS;Kemudo,Prambanan-Sleman;Sleman
106;Gereja Stasi Maninsrengga;Kalasan;KAS;Manisrengga,Pramban-Klaten;Sleman
107;GK.Santo Petrus dan Paulus ;Klepu;KAS;d/a: Sendangmulyo,Minggir,Sleman 55562 Telp.08282744553;Sleman
108;Gereja Stasi St.Yohanes Chrisostornus Pojok;Klepu;KAS;Pojok,Sendangagung,Minggir-Sleman;Sleman
109;Gereja Stasi St.Albertus Agung Godean;Klepu;KAS;Kowanan,sideorejo,Godean-Sleman;Sleman
110;Gereja Stasi St.Yusuf Gatak;Klepu;KAS;Gatak,Sendangsari,Minggir,Sleman;Sleman
111;Gereja Stasi St.FX.Daratan;Klepu;KAS;Daratan,Sendangarum,Minggir-Sleman;Sleman
112;Geretan Stasi St.Yohanes Don Bosco Sejati;Klepu;KAS;Sejati Dukuh,Sumberarum,Moyudan;Sleman
113;Gereja Stasi St.Yusuf Ngento-ento;Klepu;KAS;Ngento-ento,SumberAgung,Moyudan;Sleman
114;Gereja Stasi St.Maria dan St.Yusuf kleben;Klepu;KAS;Kleben,Sidorejo,Godean,Sleman;Sleman
115;Gereja Stasi Sendang Jatiningsih;Klepu;KAS;Jitar,Sumberarum,Moyudan,Sleman;Sleman
116;GK.Santo Petrus & Paulus;Minomartani;KAS;Jl.Bandeng II/23 Perum Minomartani 55581 Telp.(0274) 881580;Sleman
117;Gereja Stasi St.Yusuf Pekerja Condongcatur;Minomartani;KAS;Jl.Wijaya Kusuma,Perum Condongcatur Sleman;Sleman
118;GK. Santo Aloysius Gonzaga;Mlati;KAS;Jl. Magelang Km 7,8 Mlati, Sendangadi Slm 55285. Telp. 0274868106;Sleman
119;GK. Santo Mikael;Pangkalan;KAS;Jl. Lettu TPT. Supardal No.1 Lanud Adisutcipto Yk. 55281 Telp : 02477481265;Sleman
120;GK. Santo Yohanes Rasul;Pringwulung;KAS;Jl. Penuluh 377-A Concat, Depok, Sleman 55283. Telp. 0274520235;Sleman
121;GK. St. Yohanes Rasul;Somohitan;KAS;Girikerto, Turi, Slm Yk. 55551 Telp : 02744461688;Sleman
122;Gereja Stasi St. Yohanes Penginjil Turi;Somohitan;KAS;Turi Rt. 01 Rw. 27 Donokerto, Sleman;Sleman
123;GK. Santo Alfonsus De Liquori;Nandan;KAS;D/a : Gemawang Rt. 02 Rw. 43, Kel. Sinduadi, Mlati, Sleman 55284 Telp : 0274624787;Sleman
124;Kpl. Biara CSSR.;Nandan;KAS;Gemawang, Sinduadu, Mlati, Sleman;Sleman
125;Kpl. Biara Bruder Karitas;Nandan;KAS;Nandam Sariharjo, Ngaglik, Sleman;Sleman
126;GK. Santa Maria Assumpta;Pakem;KAS;Jl. Kaliurang Km. 17 Pos Pakem Yogyakarta 55582. Telp. 0274895146;Sleman
127;Gereja Stasi St. Ignatius Hargobinangun;Pakem;KAS;Dusun Ponggol, Hargobinagun, Pakem;Sleman
128;Gereja Stasi St. Yusuf Pirwobinangun;Pakem;KAS;Dusun Bunder, Purwobinangun, Pakem;Sleman
129;GK. St. Petrus dan Paulus Babadan;Babadan;KAS;Dolo, Wedomartani, Ngemplak, SI Yogyakarta 55584. Telp 0274870234;Sleman
130;Gereja Stasi St. FX. Cangkringan;Babadan;KAS;Karanglo Rt. 01 Rw. 23 Argomulya, Cangkringan Sleman;Sleman
131;GK. Santo Yoseph;Medari;KAS;Jl. Garuda 14 Murangan VIII, Triharjo Sleman 55514. Telp. 0274868325;Sleman
132;Gereja Stasi St. Thomas Seyegan / Druju;Medari;KAS;Mranggen, Margodadi, Seyengan, Sleman;Sleman
133;Gereja Stasi St. Antonius Mlesen;Medari;KAS;Pondokrejo, Tempel, Sleman;Sleman
134;Gereja Stasi St. Yusuf Kadisobo;Medari;KAS;Kadisobo, Trimulyo, Sleman;Sleman
135;Gereja Stasi St. Yusuf Margorejo;Medari;KAS;Margorejo, tempel, Sleman;Sleman
136;GK. St. Petrus Tarsisius Warak;Warak;KAS;Warak, Sumberadi, Mlati, Sleman;Sleman
137;Gereja Stasi St. Yosef;Warak;KAS;Cebongan Kidul, Tlogoadi, Mlati;Sleman
138;Gereja Stasi St. Paulus;Warak;KAS;Bolawem, Tlogoadi, Mlati, Sleman;Sleman
139;Gereja Stasi St. Antonius;Warak;KAS;Ploasan, Tlogodadi, Mlati, Sleman;Sleman
140;GK. St. Yohanes Paulus II Brayut;Brayut;KAS;Desa Pandowoharjo, Kabupaten Sleman;Sleman
141;Gereja Stasi St. Vinansius Dukuh;Brayut;KAS;Nyaen, Pendowoharja, Sleman;Sleman
142;Gereja Stasi St. Petrus Donoharjo;Brayut;KAS;Kayunan, Donoharjo, Ngaglik, Sleman;Sleman
143;Gereja Stasi St. Yohanes Berkisan;Brayut;KAS;Karangkepuh, Pandowoharjo, Sleman;Sleman
144;Gereja Stasi St. Yosef Karanglo Donoharjo;Brayut;KAS;Karanglo, Donoharjo, Ngaglik, Sleman;Sleman
145;Gereja Stasi St. Paulus Tambakrejo;Brayut;KAS;Tambakrejo, Donoharjo, Ngaglik, Sleman;Sleman
146;Gereja Stasi St. Fransiskus Xaverius Dukuh;Brayut;KAS;Dukuh, Pendowoharjo, Sleman;Sleman
147;GK. St. Santo Fransiskus Xaverius;Kidulloji Th 1870;KAS;Jl. P. Senopati 22 Yk 55121 Telp. 0274373294;Kota Yogya
148;GK. St. Kristus Raja Baciro;Baciro Th 1963;KAS;Jl.Melati Wetan 47 Yk. 55225 Telp. 0274 564414;Kota Yogya
149;GK. St Santo Yusuf;Bintaran Th 1931;KAS;Jl. Bintaran Kidul 5 Yk. 55151 Telp 375231 / 376281;Kota Yogya
150;GK. Santo Albertus Magnus;Jetis Th 1965;KAS;Jl. A. M. Sangaji 20 Yk 55233 Telp. 0274517809 / 512412;Kota Yogya
151;GK.Santo Antonius De Padua;Kotabaru Th1926;KAS;Jl.I.Dewa Nyoman Oka 18 Telp (0274) 589803;Kota Yogya
152;Kpl.Kolose St.Ignatus;Kotabaru;KAS;Jl.Abubakar Ali 1 Yk;Kota Yogya
153;Kpl.Novisiat Bruder CSA;Kotabaru;KAS;Jl.Sabirin 17 Yk;Kota Yogya
154;Kpl.Bruderan MTB-Alverna;Kotabaru;KAS;Jl.Ngadkan 1 Yk;Kota Yogya
155;Kpl.Provinsialat & Susteran ADM.;Kotabaru;KAS;Jl.Abubakar Ali 12 Yk;Kota Yogya
156;Kpl.Susteran CB-Pantirapih;Kotabaru;KAS;Jl.Cik Di Tiro 30 Yk;Kota Yogya
157;Kpl.Susteran CB.Trenggono;Kotabaru;KAS;Danukusuman GK. IV/1178 Yk;Kota Yogya
158;Kpl.Susteran CB.St.Anna;Kotabaru;KAS;Jl.Colombo 19-A Yk;Kota Yogya
159;Kpl.Susteran CB.Syantikara;Kotabaru;KAS;Jl.Kolombo 21,CT.VI/001 Yk;Kota Yogya
160;Kpl.Susteran CB.Maria Regina ;Kotabaru;KAS;Samirono DP.01/208 Depok-Sleman;Kota Yogya
161;Kpl Bintang Samodra;Kotabaru;KAS;JL.Kolombo 19-A Yk;Kota Yogya
162;GK.Hati Santa Maria Tak Bercela;Kumetiran TH 1944;KAS;Jl.Kumteran 13 Yk.55272 Telp.(0274) 512817/518586;Kota Yogya
163;Gereja Stasi St.Lidwina Bedog;Kemutiran;KAS;Jl.Jambon,Desa Trihangga,Gamping,Sleman;Kota Yogya
164;GK.Hati Kudus Tuhan Yesus;Pugeran Th 1933;KAS;Jl.Suryaden 63 Yogyakarta 55141 Telp.(0274) 372295/382551;Kota Yogya
165;Gereja Stasi Brayat Minulyo wirobrajan;Pugeran;KAS;Jl.Lokonanta,patangpuluhan,Wirobajan,Yk;Kota Yogya
166;Gereja Stasi St.Petrus Brontukusaman;Pugeran ;KAS;Brontokusuman MG.III/313 Yk;Kota Yogya
167;GK.Santo Petrus Canisius;Wonosari;KAS;Jl.Mgr.Soegijipranata 29 Wonosari Gnungkidul 55811 Telp.(0274)391063;G.Kidul
168;Gereja Stasi Santo Ignatus Loyola;Wonosari;KAS;Pulutan,Wonosari,Gk;G.Kidul
169;Gereja Stasi Santo Petrus Ngeposari;Wonosari;KAS;Ngeposari,Semanu Gk;G.Kidul
170;Gereja Stasi Santo Yusuf Semaru;Wonosari;KAS;Semanu,GK;G.Kidul
171;Gereja stasi Santo Andrean Kwangen;Wonosari;KAS;Pacareja,Semanu,GK;G.Kidul
172;Gereja stasi Santo Yokubus,Ngilipar;Wonosari;KAS;Nglipar GK;G.Kidul
173;Gereja Stasi Santo Paulus Cuwela;Wonosari;KAS;Candireja,Semanu GK;G.Kidul
174;Gereja Stasi Santo Yusuf singkil;Wonosari;KAS;Giring,Paliyan GK;G.Kidul
175;Gereja Stasi Santo Petrus Jati;Wonosari;KAS;Candireja,Semanu GK;G.Kidul
176;Gereja Stasi Santo Petrus Pokdadap;Wonosari;KAS;Ngenep,Dadapayu,Semanu Gk;G.Kidul
177;Gereja Stasi Santo Yusuf Blekonang;Wonosari;KAS;Tepus Gk;G.Kidul
178;Gereja Stasi St.Yusup Trengana;Wonosari;KAS;Ngeposari,Sidoarja,Ponjong GK;G.Kidul
179;Gereja Stasi Santo Petrus Rasuk Petir;Wonosari;KAS;Ronkop Gk;G.Kidul
180;Gereja Stasi Santo Pius XII Baron;Wonosari;KAS;Ronkop Gk;G.Kidul
181;Gereja Stasi St. Petrus & Paulus Temanggung;Wonosari;KAS;Temanggung;G.Kidul
182;Gereja Stasi St.Aloysius Gonzaga;Wonosari;KAS;Wonosari,Jurangjero,Ngawen GK;G.Kidul
183;GK.Santo Petrus & Paulus;Kelor;KAS;d/a:Karangmojo,ungKidul 55891 Telp.(0274)7494314;G.Kidul
184;Gereja Stasi St.FX Jaranmati;Kelor;KAS;Gatak<Karangmojo,Gk;G.Kidul
185;Gerwja Stasi St.Maria Ratu Candireja;Kelor;KAS;Candi,Candireja,Semin,Gk;G.Kidul
186;3 Gereja Stasi St.Paulus Sambeng;Kelor;KAS;Sambeng Sambireja,Ngawen,Gk;G.Kidul
187;Gereja Stasi St. Mikhael Semin;Kelor;KAS;Semin,Gk;G.Kidul
188;Greja Stasi St.Agustinus Tobong(link);Kelor;KAS;Sambireja,Ngawen,GK;G.Kidul
189;Gereja Stasi St.Yusuf gebang(link);Kelor;KAS;Gebang,Kalitekuk,Semin,Gk;G.Kidul
190;Gereja Stasi St.Antonius Logantung(link);Kelor;KAS;Logantung,Sumberaja Semin,GK;G.Kidul
191;Gereja Stasi Sang timur Jambu (link);Kelor;KAS;Juranghero,Ngawen,Gk;G.Kidul
192;Gereha Stasi St.Yusuf Jatiayu(link);Kelor;KAS;Tegalsari,Karangmojo;G.Kidul
193;GK.Santo Yusuf Bandung ;Bandung (Adm);KAS;Jl.Wonosari-Yogya Km6,2 Kepil,Bandung,Playen,Gk.55861 Telp.(0274)7487866;G.Kidul
194;Gereja Stasi Santo Yusuf Bogor;Bandung (Adm);KAS;Playen,Gk;G.Kidul
195;Gereja Stasi Santo Aloysius Ngigoreja;Bandung (Adm);KAS;Gari,Wonosari,Gk;G.Kidul
196;Gereja Stasi Santo Fransiskus Xavier Beji;Bandung (Adm);KAS;Gading,Playen,Gk;G.Kidul
197;Gereja Stasi St.Agustinus Panggang;Bandung (Adm);KAS;Panggang,Gk;G.Kidul
198;Gereja Stasi St.Yohanes Girisekar;Bandung (Adm);KAS;Panggang,Gk;G.Kidul
199;Gereja Stasi St.Theresoa Banaran;Bandung (Adm);KAS;Banaran,Playen,Gk;G.Kidul
200;Gereja Stasi St.Thomas Krenen;Bandung (Adm);KAS;Krenen,Playen,GK;G.Kidul
201;Gereja Stasi St.Maria Doga;Bandung (Adm);KAS;Patuk,Gk;G.Kidul
