1;Gereja Kristen Jawa Sabda Adi Semanu;Gereja;Semanu, Semanu;Semanu
2;Gereja Kristen Jawa Semanu Baru;Gereja;Cuwelo, Candirejo;Semanu
3;Gereja Semanu Baru Panthan Panggul;Panthan;Panggul, Candirejo;Semanu
4;Gereja Pentakosta di Indonesia Jati Cabang Cuwelo;Cabang;Jati, Candirejo;Semanu
5;Gereja Pentakosta di Indonesia Cuwelo;Gereja;Cuwelo, Candirejo;Semanu
6;Gereja Pentakosta di Indonesia Pacing Cabang Wonosari;Cabang;Pacing Lor, Pacarejo;Semanu
7;Gereja Pentakosta di Indonesia Semanu;Gereja;Tunggul Barat, Semanu;Semanu
8;Gereja Kristen Jawa Logandeng Pathan Gari;Panthan;Gari, Gari;Wonosari
9;Gereja Pentakosta di Indonesia Wukirsari;Gereja;Wukirsari, Baleharjo;Wonosari
10;Gereja Sidang Jemaat Allah Wonosari;Gereja;Pandansari, Wonosari;Wonosari
11;Gereja Kristen Alkitab Indonesia Baleharo;Gereja;Gedangsari, Baleharjo;Wonosari
12;Gereja Kristen Jawa Wonosari;Gereja;Pandansari, Wonosari;Wonosari
13;Gereja Kristen Jawa Wonosari Pathan Randukuning;Panthan;Randukuning, Selang;Wonosari
14;Gereja Kristen Nazarene Mokol;Gereja;Mokol, Selang;Wonosari
15;Gereja Pentakosta di Indonesia Purwosari;Gereja;Purwosari, Baleharjo;Wonosari
16;Gereja Kristen Jawa Logandeng;Gereja;Logandeng, Logandeng;Playen
17;Gereja Kristen Jawa Logandeng Panthan Gading;Panthan;Gading, Gading;Playen
18;Gereja Kristen Jawa Paliyan Pathan Kalongan;Panthan;Dengok II, Dengok;Playen
19;Gereja Kristen Jawa Paliyan Pathan Mengguro;Gereja;Sawahan I, Banyusoco;Playen
20;Gereja Kristen Kalam Kudus Sawahan;Gereja;Sawahan I, Bleberan;Playen
21;Gereja Pentakosta di Indonesia Playen;Gereja;Jatisari, Playen;Nglipar
22;Gereja Kristen Jawa Wonosari Pathan Nglipar;Panthan;Nglipar, Nglipar;Nglipar
23;Gereja Kristen Jawa Wonosari Pathan Kebonjero;Panthan;Kebonjero, Pengkol;Girisubo
24;Gereja Kristen Jawa Baran Pathan Karangawen Timur;Panthan;Karangawen Timur, Karangewan;Girisubo
25;Gereja Kristen Jawa Baran Pathan Karangawen Barat;Panthan;Karangawen Barat, Karangewan;Girisubo
26;Gereja Kristen Jawa Baran Pathan Jepitu;Panthan;Jepitu, Jepitu;Girisubo
27;Gereja Kristen Nazarene Jepitu;Gereja;Manukan, Jepitu;Girisubo
28;Gereja Kristen Rahmani Indonesia Jerukwedul;Gereja;Jerukwedul, Jerukwedul;Girisubo
29;Gereja Kemah Injil Indonesia Widoro;Gereja;Widoro, Balong;Girisubo
30;Gereja Kristen Jawa Bejiharjo;Gereja;Kulwo, Bejiharjo;Karangmojo
31;Gereja Kristen Jawa Bejiharjo Panthan;Panthan;Grogol III, Bejiharjo;Karangmojo
32;Gereja Kristen Jawa Bejiharjo Panthan;Panthan;Karanganom, Ngawis;Karangmojo
33;Gereja Kristen Jawa Bejiharjo Panthan;Panthan;Ngagel, Ngawis;Karangmojo
34;Gereja Kristen Jawa Bejiharjo Panthan;Panthan;Bendungan, Bendungan;Karangmojo
35;Gereja Kristen Jawa Wiladeg;Gereja;Wiladeg, Wiladeg;Karangmojo
36;Gereja Kristen Jawa Wiladeg Panthan Candi;Panthan;Kerdon, Jatiayu;Karangmojo
37;Gereja Kristen Jawa Wiladeg Panthan Ngipak;Panthan;Ngipak, Ngipak;Karangmojo
38;Gereja Kristen Jawa Wiladeg Kegiatan Karangmojo;Panthan;Karangnongko, Wiladeg;Karangmojo
39;Gereja Kristen Jawa Wiladeg Kegiatan Krambilduwur;Panthan;Krambilduwur, Wiladeg;Karangmojo
40;Gereja Kristen Jawa Wiladeg Kegiatan Kendalrejo;Panthan;Kendalrejo, Wiladeg;Karangmojo
41;Gereja Kristen Jawa Wiladeg Kegiatan Wiladeg;Panthan;Wiladeg, Wiladeg;Karangmojo
42;Gereja Lutheran Indonesia Ponjong;Gereja;Ngombo, Karangmojo;Karangmojo
43;Gereja Baptis Anugerah Gunungbang;Gereja;Gunungbang, Bejiharjo;Karangmojo
44;Gereja Kristen Jawa Pugeran;Gereja;Kerdon, Karangsari;Semin
45;Gereja Kristen Jawa Pugeran Panthan Semin;Panthan;Semin, Semin;Semin
46;Gereja Kristen Jawa Pugeran Panthan Sumberejo;Panthan;Sambirobyong, Sumberejo;Semin
47;Gereja Kristen Jawa Pugeran Panthan Candirejo;Panthan;Candi, Candireo;Semin
48;Gereja Kristen Jawa Pugeran Panthan Sempu;Panthan;Sempulor, Rejosari;Semin
49;Gereja Kristen Jawa Pugeran Panthan Payaman;Panthan;Payaman, Karangsari;Semin
50;Gereja Kristen Jawa Watusigar Panthan Tambran;Panthan;Tambran Kidul, Kalitekuk;Semin
51;Gereja Kristen Jawa Watusigar Panthan Kemejing;Panthan;Kemejing III, Kemejing;Semin
52;Gereja Kristen Jawa Watusigar Panthan Karanggumuk;Panthan;Karanggumuk II, Kemenjing;Semin
53;Gereja Kristen Jawa Watusigar Panthan Dawe;Panthan;Dawe, Bandung;Semin
54;Gereja Baptis Indonesia Watukelir Cabang Ngrapah;Cabang;Blembem, Candirejo;Semin
55;Gereja Sidang Jemaat Allah Semin;Gereja;Kringan Kidul, Bulurejo;Semin
56;Gereja Kristen Jawa Kemadang Panthan Planjan;Panthan;Planjan, Planjan;Saptosari
57;Gereja Kristen Jawa Kemadang Panthan Sumber;Panthan;Sumber, Planjan;Saptosari
58;Gereja Kristen Jawa Kemadang Panthan Ngepoh;Panthan;Ngepoh, Planjan;Saptosari
59;Gereja Penyebaran Indonesia Sumber;Gereja;Sumber, Planjan;Saptosari
60;Gereja Kristen Jawa Susukan;Gereja;Jl. Sidodadi II / 42, Genjahan;Ponjong
61;Gereja Kristen Jawa Susukan Panthan Wirik;Panthan;Wirik, Ponjong;Ponjong
62;Gereja Kristen Jawa Susukan Panthan Ngampelombo;Panthan;Ngampelombo, Sumbergiri;Ponjong
63;Gereja Kristen Jawa Susukan Panthan Jatisari;Panthan;Jatisari, Sumbergiri;Ponjong
64;Gereja Kristen Jawa Susukan Panthan Bedoyo;Panthan;Bedoyo, Bedoyo;Ponjong
65;Gereja Kristen Jawa Susukan Panthan Kenteng;Panthan;Kenteng, Kenteng;Ponjong
66;Gereja Kristen Jawa Susukan Panthan Tambakromo;Panthan;Tambakromo, Tambakromo;Ponjong
67;Gereja Kristen Jawa Susukan Panthan Tanggulangin;Panthan;Tanggulangin, Genjahan;Ponjong
68;Gereja Kristen Nazarene Gunungkrambil;Gereja;Gunungkrambil, Ponjong;Ponjong
69;Gereja Kristen Jawa Baran;Gereja;Kerdonmiri, Karangwuni;Rongkop
70;Gereja Kristen Jawa Baran Panthan Petir;Panthan;Petir, Petir;Rongkop
71;Gereja Kristen Jawa Baran Panthan Ngelo;Panthan;Ngelo, Petir;Rongkop
72;Gereja Kristen Jawa Baran Panthan Karangwetan;Panthan;Karangwetan, Semugih;Rongkop
73;Gereja Kristen Jawa Baran Panthan Karangwuni;Panthan;Karangwuni, Karangwuni;Rongkop
74;Gereja Kristen Jawa Baran Panthan Pakel;Panthan;Pakel, Pringombo;Rongkop
75;Gereja Kristen Jawa Baran Panthan Kentheng;Panthan;Kentheng, Karangwuni;Rongkop
76;Gereja Kristen Jawa Kemadang;Gereja;Jl. Baron Km 17, Kemadang;Tanjungsari
77;Gereja Kristen Jawa Kemadang Panthan Wonosobo;Panthan;Wonosobo, Banjarejo;Tanjungsari
78;Gereja Kristen Jawa Kemadang Banjarejo;Panthan;Padangan, Banjarejo;Tanjungsari
79;Gereja Pentakosta di Indonesia Bukit Sion Walikangin;Gereja;Walikangin, Ngestirejo;Tanjungsari
80;Gereja Kristen Jawa Panggang Pathan Giripurwo;Panthan;Karangnangka, Giripurwo;Purwosari
81;Gereja Kristen Jawa Paliyan Panthan Sanglor;Panthan;Sanglor, Girisuko;Panggang
82;Gereja Kristen Jawa Panggang;Gereja;Girisekar, Girisekar;Panggang
83;Gereja Kristen Jawa Panggang Pathan Girimulyo;Panthan;Legundi, Girimulyo;Panggang
84;Gereja Kristen Jawa Panggang Pathan Panggang;Panthan;Panggang 2, Giriharjo;Panggang
85;Gereja Kristen Jawa Sanglor;Panthan;Sanglor 2, Girisuko;Paliyan
86;Gereja Kristen Jawa Paliyan;Gereja;Tahunan, Karangduwet;Paliyan
87;Gereja Kristen Jawa Paliyan Panthan Tugu;Panthan;Tungu, Grogol;Tepus
88;Gereja Kristen Jawa Kemeadang Panthan Tungu;Panthan;Bintaos, Tepus;Tepus
89;Gereja Kristen Jawa Sabda Adi Semanu Panthan Bantalwatu;Panthan;Bantalwatu, Sumberwungu;Tepus
90;Gereja Kristen Jawa Sabda Adi Semanu Panthan Regedeg;Panthan;Regedeg, Giripanggung;Tepus
91;Gereja Pentakosta di Indonesia Wunut;Gereja;Wunut, Sumberwungu;Tepus
92;Gereja Kerasulan Baru Indonesia Sidang Jemaat Karangwuni;Gereja;Karangwuni, Sumberwungu;Tepus
93;Gereja Jawa Watusigar;Gereja;Watusigar, Watusigar;Ngawen
94;Gereja Jawa Watusigar Panthan Kampung;Panthan;Kampung Kidul, Kampung;Ngawen
95;Gereja Jawa Watusigar Panthan Tobong;Panthan;Tobong, Sambirejo;Ngawen
96;Gereja Jawa Watusigar Panthan Sambeng;Panthan;Sambeng I, Sambirejo;Ngawen
97;Gereja Jawa Watusigar Panthan Jurangjero;Panthan;Jurangrejo, jurangrejo;Ngawen
98;Gereja Jawa Watusigar Panthan Danguran;Panthan;Daguran Lor, Beji;Ngawen
99;Gereja Pentakosta di Indonesia Ngawen;Gereja;Jambu, Jurangjero;Ngawen
100;Gereja Pentakosta di Indonesia Sambeng;Gereja;Sambeng I, Sambirejo;Ngawen
101;Gereja Kasih Kristus Indoensia Sambeng;Gereja;Sambeng II, Sambirejo;Ngawen
102;Gereja Kristen Jawa Wonosari Panthan Hargomulyo;Panthan;Jetis, Hargomulyo;Gedangsari
103;Gereja Kristen Jawa Paliyan Panthan Ngembes;Panthan;Ngembes, Patuk;Patuk
104;Gereja Kristen Jawa Paliyan Panthan Putat;Panthan;Putat, Putat;Patuk
109;Gereja Kristen Jawa Baptis Bukit Anugerah Gunungkidul;Gereja;Belang, Terbah;Patuk
105;Gereja Bethel Indonesia Keluarga Allah;Rumah Kebaktian;Mulyosari Rt/Rw: 01/02 Baleharjo;Wonosari
106;Gereja Kasih Kristus Indoensia Wonosari;Rumah Kebaktian;Mulyosari Rt/Rw: 01/02 Baleharjo;Wonosari
107;Bethany Fresh Anointing Center Gunungkidul;Rumah Kebaktian;Jl. Baron No. 1;Wonosari
108;Gereja Bethel Indonesia;Gereja;Jl. Pemuda;Wonosari
