1;Gereja Kristen Jawa Wates;Gereja;Jalan Bhayangkara,No.3 Terbah Wates;Wates
2;Gereja Pentekosta di Indonesia Wates;Rumah Kebaktian;Sebokarang Wates;Wates
3;Gereja Baptis Independen Indonesia Kalvari;Gereja;Gn Gempal,Durungan,Giripeni Wates;Wates
4;Gereja Bethel Indonesia Miracle Service;Rumah Kebaktian;Hotel Kin,Jl.Khudori No.20 Wates;Wates
5;Gereja Kristen Tabernakel Mentari Pagi;Rumah Kebaktian;Sebokarang Wates;Wates
6;Gereja Jemaat Kristus Indonesia Dalangan;Rumah Kebaktian;Dalangan,Triharjo,Wates;Wates
7;Gereja Kristen Jawa Wates Selatan Pepanthan Triharjo;Rumah Kebaktian;Ngrandu,Triharjo,Wates;Wates
8;Gereja Kristen Jawa Wates Pepanthan Cumetuk;Rumah Kebaktian;Ds.Cumetuk RT 24/RW 12 Kedungsari,Pengasih;Pengasih
9;Gereja Kristen Jawa Wates Pepanthan Kalinongko;Rumah Kebaktian;Ds.Kalinongko RT 14/RW 07 Kedungsari,Pengasih;Pengasih
10;Gereja Kristen Jawa Wates Pepanthan Sidomulyo;Rumah Kebaktian;Ds.Parakan RT 54/RW 26 Sidomulyo,Pengasih ;Pengasih
11;Gereja Kristen Jawa  Pepanthan Gunung Pentul;Rumah Kebaktian;Karangsari,Pengasih;Pengasih
12;Gereja Kristen Jawa Wates;Gereja;Ds.Depok II,Panjatan;Panjatan
13;Gereja Kristen Jawa Wates Selatan Pepanthan Galur;Rumah Kebaktian;Kranggan,Galur;Galur
14;Gereja Kristen Jawa Kalipenten;Gereja;Kaliagung,Sentolo;Sentolo
15;Gereja Kristen Jawa Sentolo;Rumah Kebaktian;Jl.Wates KM.18 Sentolo;Sentolo
16;Gereja Kristen Jawa Sentolo Pepanthan Jangkang;Rumah Kebaktian;Jangkang,Sentolo;Sentolo
17;Gereja Kristen Jawa Sentolo Pepanthan Tuksono;Rumah Kebaktian;SD BOPKRI Tuksono,Tuksono,Sentolo;Sentolo
18;Gereja Pantekosta di Indonesia Sentolo;Rumah Kebaktian;Siwalan RT24/RW12 Sentolo;Sentolo
19;Gereja Sidang Jemaat Allah Sentolo;Gereja;Sentolo Kidul RT 22/RW 11,Sentolo;Sentolo
20;Gereja Kristen Jawa Ngulakan;Gereja;Ngulakan Hargorejo,Kokap;Kokap
21;Gereja Kristen Jawa Pepanthan Sengir;Rumah Kebaktian;Kalirejo,Kokap;Kokap
22;Gereja Kristen Jawa Pepanthan Klepu;Rumah Kebaktian;Hargowilis,kokap;Kokap
23;Gereja Kristen Jawa Ngentakrejo;Gereja;Mirisewu,Ngentakrejo,Lendah;Lendah
24;Gereja Kristen Alkitab Indonesia Lendah;Gereja;Tegalsari,Jatirejo,Lendah;Lendah
25;Gereja Kristen Jawa Wates Pepanthan Butuh;Rumah Kebaktian;Ds.Carikan RT 03/RW 04 Bumirejo.Lendah;Lendah
26;Gereja Kristen Jawa Wates Selatan Pepanthan Wonogiri;Rumah Kebaktian;Tegalsari,Jatirejo,Lendah;Lendah
27;Gereja Kristen Jawa Nanggulan;Gereja;Ds.Janti XI,Jatisarono,Nanggulan;Nanggulan
28;Gereja Kristen Jawa Pepanthan Kalibawang;Rumah Kebaktian;Patog Wetan,Banjaroya,Kalibawang;Kalibawang
29;Gereja Kristen Jawa Pepanthan Sribit;Rumah Kebaktian;Sribit,Giripurwo,Girimulyo;Girimulyo
30;Gereja Kristen Jawa Pepanthan Karanggede;Rumah Kebaktian;Karanggede,Jatimulyo,Girimulyo;Girimulyo
31;Gereja Kristen Jawa Plono;Gereja;Plono,Pagerharjo,Samigaluh;Samigaluh
32;Gereja Kristen Jawa Gowok;Gereja;Gowok,Kebonharjo,Samigaluh;Samigaluh
33;Gereja Kristen Jawa Samigaluh;Gereja;Karang,Gerbosari,Samigaluh;Samigaluh
34;Gereja Pantekosta di Indonesia Samigaluh;Rumah Kebaktian;Plono,Samigaluh;Samigaluh
35;Gereja Kristen Alkitab Indonesia Samigaluh;Gereja;Banjarsari Samigaluh;Samigaluh
36;Gereja Kerasulan Baru Indonesia;Rumah Kebaktian;Gowok,Samigaluh;Samigaluh
37;Gereja Kristen Jawa Temon;Gereja;Temon Kulon,Temon;Temon
38;Gereja Kristen Jawa Temon Pepanthan Glagah;Rumah Kebaktian;Ds.Sangkretan,Glagah,Temon;Temon
39;Gereja Kristen Jawa Temon Pepanthan Kalidengen;Rumah Kebaktian;Ds.Kalidengen,kalidengen,Temon;Temon
40;Gereja Kristen Jawa Temon Pepanthan Seling;Rumah Kebaktian;Seling,Kebonrejo,Temon;Temon
41;Gereja Kristen Jawa Palihan;Gereja;Palihan,Temon;Temon
42;Gereja Kerasulan Baru Indonesia;Gereja;Palihan,Glagah,Temon;Temon
43;Gereja Baptis Kerapan;Gereja;Pripih,Temon;Temon
44;Gereja Pantekosta di Indonesia Temon;Gereja;Kalidengen,Temon;Temon
45;Gereja Bethel Indonesia Teleios;Rumah Kebaktian;Temon Kulon,Temon;Temon
