SENDANGTIRTO;kristen;266;240;506
SENDANGTIRTO;katholik;182;175;357
SENDANGTIRTO;hindu;12;17;29
SENDANGTIRTO;budha;2;1;3
SENDANGTIRTO;konghuchu;0;0;0
SENDANGTIRTO;aliran kepercayaan;0;0;0
TEGALTIRTO;kristen;149;176;325
TEGALTIRTO;katholik;192;196;388
TEGALTIRTO;hindu;4;2;6
TEGALTIRTO;budha;1;1;2
TEGALTIRTO;konghuchu;0;0;0
TEGALTIRTO;aliran kepercayaan;0;0;0
KALITIRTO;kristen;394;438;832
KALITIRTO;katholik;658;748;1.406
KALITIRTO;hindu;5;6;11
KALITIRTO;budha;4;1;5
KALITIRTO;konghuchu;0;0;0
KALITIRTO;aliran kepercayaan;0;0;0
JOGOTIRTO;kristen;45;64;109
JOGOTIRTO;katholik;209;216;425
JOGOTIRTO;hindu;0;0;0
JOGOTIRTO;budha;0;0;0
JOGOTIRTO;konghuchu;0;0;0
JOGOTIRTO;aliran kepercayaan;0;0;0
