CATURTUNGGAL;kristen;1.731;1.855;3.586
CATURTUNGGAL;katolik;1.979;2.131;4.110
CATURTUNGGAL;hindu;47;43;90
CATURTUNGGAL;buddha;54;58;112
CATURTUNGGAL;khonghucu;3;0;3
CATURTUNGGAL;aliran kepercayaan;3;3;6
MAGUWOHARJO;kristen;841;851;1.692
MAGUWOHARJO;katolik;989;1.098;2.087
MAGUWOHARJO;hindu;54;56;110
MAGUWOHARJO;buddha;16;22;38
MAGUWOHARJO;khonghucu;0;1;1
MAGUWOHARJO;aliran kepercayaan;0;0;0
CONDONGCATUR;kristen;1.160;1.231;2.391
CONDONGCATUR;katolik;2.257;2.378;4.635
CONDONGCATUR;hindu;48;60;108
CONDONGCATUR;buddha;33;28;61
CONDONGCATUR;khonghucu;2;1;3
CONDONGCATUR;aliran kepercayaan;0;1;1
