BALECATUR;kristen;247;269;516
BALECATUR;katolik;529;530;1.059
BALECATUR;hindu;4;4;8
BALECATUR;buddha;0;0;0
BALECATUR;khonghucu;0;0;0
BALECATUR;aliran kepercayaan;0;0;0
AMBARKETAWANG;kristen;329;356;685
AMBARKETAWANG;katolik;777;813;1.590
AMBARKETAWANG;hindu;2;2;4
AMBARKETAWANG;buddha;2;3;5
AMBARKETAWANG;khonghucu;0;0;0
AMBARKETAWANG;aliran kepercayaan;0;0;0
BANYURADEN;kristen;525;594;1.119
BANYURADEN;katolik;334;355;689
BANYURADEN;hindu;8;5;13
BANYURADEN;buddha;19;16;35
BANYURADEN;khonghucu;0;0;0
BANYURADEN;aliran kepercayaan;0;0;0
NOGOTIRTO;kristen;386;403;789
NOGOTIRTO;katolik;408;435;843
NOGOTIRTO;hindu;22;15;37
NOGOTIRTO;buddha;20;28;48
NOGOTIRTO;khonghucu;0;0;0
NOGOTIRTO;aliran kepercayaan;0;0;0
TRIHANGGO;kristen;330;340;670
TRIHANGGO;katolik;545;569;1.114
TRIHANGGO;hindu;6;6;12
TRIHANGGO;buddha;9;7;16
TRIHANGGO;khonghucu;1;1;2
TRIHANGGO;aliran kepercayaan;0;0;0
