SIDOREJO;KRISTEN;44;49;93
SIDOREJO;KATOLIK;262;261;523
SIDOREJO;HINDU;0;0;0
SIDOREJO;BUDDHA;0;0;0
SIDOREJO;KHONGHUCU;1;0;1
SIDOREJO;ALIRAN KEPERCAYAAN;0;0;0
SIDOLUHUR;KRISTEN;39;49;88
SIDOLUHUR;KATOLIK;87;96;183
SIDOLUHUR;HINDU;0;0;0
SIDOLUHUR;BUDDHA;1;0;1
SIDOLUHUR;KHONGHUCU;1;1;2
SIDOLUHUR;ALIRAN KEPERCAYAAN;0;0;0
SIDOMULYO;KRISTEN;477;505;982
SIDOMULYO;KATOLIK;365;379;744
SIDOMULYO;HINDU;1;1;2
SIDOMULYO;BUDDHA;2;2;4
SIDOMULYO;KHONGHUCU;0;0;0
SIDOMULYO;ALIRAN KEPERCAYAAN;0;0;0
SIDOAGUNG;KRISTEN;66;74;140
SIDOAGUNG;KATOLIK;127;130;257
SIDOAGUNG;HINDU;4;5;9
SIDOAGUNG;BUDDHA;0;1;1
SIDOAGUNG;KHONGHUCU;0;0;0
SIDOAGUNG;ALIRAN KEPERCAYAAN;0;0;0
SIDOKERTO;KRISTEN;300;315;615
SIDOKERTO;KATOLIK;208;206;414
SIDOKERTO;BUDDHA;0;2;2
SIDOKERTO;KHONGHUCU;0;0;0
SIDOKERTO;ALIRAN KEPERCAYAAN;0;0;0
SIDOKERTO;HINDU;0;1;1
SIDOARUM;KRISTEN;234;241;475
SIDOARUM;KATOLIK;408;434;842
SIDOARUM;HINDU;12;11;23
SIDOARUM;BUDDHA;20;20;40
SIDOARUM;KHONGHUCU;2;0;2
SIDOARUM;ALIRAN KEPERCAYAAN;0;0;0
SIDOMOYO;KRISTEN;218;242;460
SIDOMOYO;KATOLIK;171;175;346
SIDOMOYO;HINDU;0;0;0
SIDOMOYO;BUDDHA;0;0;0
SIDOMOYO;KHONGHUCU;0;0;0
SIDOMOYO;ALIRAN KEPERCAYAAN;0;0;0
