GAMPING;KRISTEN;1.817;1.962;3.779
GAMPING;KATOLIK;2.593;2.702;5.295
GAMPING;HINDU;42;32;74
GAMPING;BUDDHA;50;54;104
GAMPING;KHONGHUCU;1;1;2
GAMPING;ALIRAN KEPERCAYAAN;0;0;0
GODEAN;KRISTEN;1.378;1.475;2.853
GODEAN;KATOLIK;1.628;1.681;3.309
GODEAN;HINDU;17;18;35
GODEAN;BUDDHA;23;25;48
GODEAN;KHONGHUCU;4;1;5
GODEAN;ALIRAN KEPERCAYAAN;0;0;0
MOYUDAN;KRISTEN;243;251;494
MOYUDAN;KATOLIK;1.979;2.050;4.029
MOYUDAN;HINDU;4;4;8
MOYUDAN;BUDDHA;0;0;0
MOYUDAN;KHONGHUCU;0;0;0
MOYUDAN;ALIRAN KEPERCAYAAN;0;0;0
MINGGIR;KRISTEN;340;382;722
MINGGIR;KATOLIK;2.918;3.124;6.042
MINGGIR;HINDU;3;2;5
MINGGIR;BUDDHA;1;1;2
MINGGIR;KHONGHUCU;0;0;0
MINGGIR;ALIRAN KEPERCAYAAN;0;0;0
SEYEGAN;KRISTEN;167;193;360
SEYEGAN;KATOLIK;581;617;1.198
SEYEGAN;HINDU;41;54;95
SEYEGAN;BUDDHA;4;5;9
SEYEGAN;KHONGHUCU;0;0;0
SEYEGAN;ALIRAN KEPERCAYAAN;0;0;0
MLATI;KRISTEN;1.518;1.629;3.147
MLATI;KATOLIK;3.384;3.219;6.603
MLATI;HINDU;58;63;121
MLATI;BUDDHA;62;52;114
MLATI;KHONGHUCU;5;5;10
MLATI;ALIRAN KEPERCAYAAN;0;0;0
DEPOK;KRISTEN;3.732;3.937;7.669
DEPOK;KATOLIK;5.225;5.607;10.832
DEPOK;HINDU;149;159;308
DEPOK;BUDDHA;103;108;211
DEPOK;KHONGHUCU;5;2;7
DEPOK;ALIRAN KEPERCAYAAN;3;4;7
BERBAH;KRISTEN;854;918;1.772
BERBAH;KATOLIK;1.241;1.335;2.576
BERBAH;HINDU;21;25;46
BERBAH;BUDDHA;7;3;10
BERBAH;KHONGHUCU;0;0;0
BERBAH;ALIRAN KEPERCAYAAN;0;0;0
PRAMBANAN;KRISTEN;221;248;469
PRAMBANAN;KATOLIK;1.226;1.192;2.418
PRAMBANAN;HINDU;9;8;17
PRAMBANAN;BUDDHA;4;6;10
PRAMBANAN;KHONGHUCU;1;0;1
PRAMBANAN;ALIRAN KEPERCAYAAN;0;0;0
KALASAN;KRISTEN;1.438;1.457;2.895
KALASAN;KATOLIK;3.041;3.153;6.194
KALASAN;HINDU;65;53;118
KALASAN;BUDDHA;16;19;35
KALASAN;KHONGHUCU;2;0;2
KALASAN;ALIRAN KEPERCAYAAN;0;2;2
NGEMPLAK;KRISTEN;895;994;1.889
NGEMPLAK;KATOLIK;1.622;1.681;3.303
NGEMPLAK;HINDU;66;59;125
NGEMPLAK;BUDDHA;13;6;19
NGEMPLAK;KHONGHUCU;0;2;2
NGEMPLAK;ALIRAN KEPERCAYAAN;2;0;2
NGAGLIK;KRISTEN;1.579;1.672;3.251
NGAGLIK;KATOLIK;3.266;3.341;6.607
NGAGLIK;HINDU;78;82;160
NGAGLIK;BUDDHA;62;52;114
NGAGLIK;KHONGHUCU;3;3;6
NGAGLIK;ALIRAN KEPERCAYAAN;2;2;4
SLEMAN;KRISTEN;595;602;1.197
SLEMAN;KATOLIK;1.810;1.865;3.675
SLEMAN;HINDU;10;4;14
SLEMAN;BUDDHA;5;12;17
SLEMAN;KHONGHUCU;2;3;5
SLEMAN;ALIRAN KEPERCAYAAN;1;0;1
TEMPEL;KRISTEN;105;111;216
TEMPEL;KATOLIK;391;409;800
TEMPEL;HINDU;2;1;3
TEMPEL;BUDDHA;3;6;9
TEMPEL;KHONGHUCU;1;0;1
TEMPEL;ALIRAN KEPERCAYAAN;0;2;2
TURI;KRISTEN;97;97;194
TURI;KATOLIK;1.071;1.116;2.187
TURI;HINDU;1;2;3
TURI;BUDDHA;0;0;0
TURI;KHONGHUCU;0;0;0
TURI;ALIRAN KEPERCAYAAN;1;2;3
PAKEM;KRISTEN;551;549;1.100
PAKEM;KATOLIK;1.935;2.050;3.985
PAKEM;HINDU;4;1;5
PAKEM;BUDDHA;4;2;6
PAKEM;KHONGHUCU;0;0;0
PAKEM;ALIRAN KEPERCAYAAN;1;0;1
CANGKRINGAN;KRISTEN;112;114;226
CANGKRINGAN;KATOLIK;161;182;343
CANGKRINGAN;HINDU;5;2;7
CANGKRINGAN;BUDDHA;0;0;0
CANGKRINGAN;KHONGHUCU;1;0;1
CANGKRINGAN;ALIRAN KEPERCAYAAN;0;0;0
