SUMBERAHAYU;kristen;3;8;11
SUMBERAHAYU;khatolik;88;86;174
SUMBERAHAYU;hindu;0;0;0
SUMBERAHAYU;buddha;0;0;0
SUMBERAHAYU;khonghucu;0;0;0
SUMBERAHAYU;aliran kepercayaan;0;0;0
sumbersari;kristen;39;37;76
sumbersari;khatolik;400;417;817
sumbersari;hindu;0;0;0
sumbersari;buddha;0;0;0
sumbersari;khonghucu;0;0;0
sumbersari;aliran kepercayaan;0;0;0
sumber agung;kristen;150;148;298
sumber agung;khatolik;505;545;1.050
sumber agung;hindu;0;0;0
sumber agung;buddha;0;0;0
sumber agung;khonghucu;0;0;0
sumber agung;aliran kepercayaan;0;0;0
sumberarum;kristen;51;58;109
sumberarum;khatolik;986;1.002;1.988
sumberarum;hindu;4;4;8
sumberarum;buddha;0;0;0
sumberarum;khonghucu;0;0;0
sumberarum;aliran kepercayaan;0;0;0
