SARIHARJO;KRISTEN;369;357;726
SARIHARJO;KATOLIK;798;833;1.631
SARIHARJO;HINDU;30;23;53
SARIHARJO;BUDDHA;23;16;39
SARIHARJO;KHONGHUCU;0;0;0
SARIHARJO;ALIRAN KEPERCAYAAN;0;0;0
MINOMARTANI;KRISTEN;303;327;630
MINOMARTANI;KATOLIK;582;614;1.196
MINOMARTANI;HINDU;8;9;17
MINOMARTANI;BUDDHA;5;6;11
MINOMARTANI;KHONGHUCU;0;0;0
MINOMARTANI;ALIRAN KEPERCAYAAN;0;0;0
SINDUHARJO;KRISTEN;435;479;914
SINDUHARJO;KATOLIK;1.046;996;2.042
SINDUHARJO;HINDU;25;31;56
SINDUHARJO;BUDDHA;12;15;27
SINDUHARJO;KHONGHUCU;1;3;4
SINDUHARJO;ALIRAN KEPERCAYAAN;2;2;4
SUKOHARJO;KRISTEN;217;233;450
SUKOHARJO;KATOLIK;226;255;481
SUKOHARJO;HINDU;8;8;16
SUKOHARJO;BUDDHA;9;4;13
SUKOHARJO;KHONGHUCU;1;0;1
SUKOHARJO;ALIRAN KEPERCAYAAN;0;0;0
SARDONOHARJO;KRISTEN;149;165;314
SARDONOHARJO;KATOLIK;260;266;526
SARDONOHARJO;HINDU;5;9;14
SARDONOHARJO;BUDDHA;8;6;14
SARDONOHARJO;KHONGHUCU;0;0;0
SARDONOHARJO;ALIRAN KEPERCAYAAN;0;0;0
DONOHARJO;KRISTEN;106;111;217
DONOHARJO;KATOLIK;354;377;731
DONOHARJO;HINDU;2;2;4
DONOHARJO;BUDDHA;5;5;10
DONOHARJO;KHONGHUCU;1;0;1
DONOHARJO;ALIRAN KEPERCAYAAN;0;0;0
