PURWOBINANGUN;KRISTEN;79;98;177
PURWOBINANGUN;KATOLIK;775;799;1.574
PURWOBINANGUN;HINDU;0;0;0
PURWOBINANGUN;BUDDHA;2;1;3
PURWOBINANGUN;KHONGHUCU;0;0;0
PURWOBINANGUN;ALIRAN KEPERCAYAAN;0;0;0
CANDIBINANGUN;KRISTEN;40;36;76
CANDIBINANGUN;KATOLIK;232;270;502
CANDIBINANGUN;HINDU;0;1;1
CANDIBINANGUN;BUDDHA;0;0;0
CANDIBINANGUN;KHONGHUCU;0;0;0
CANDIBINANGUN;ALIRAN KEPERCAYAAN;0;0;0
HARJOBINANGUN;KRISTEN;52;50;102
HARJOBINANGUN;KATOLIK;344;345;689
HARJOBINANGUN;HINDU;0;0;0
HARJOBINANGUN;BUDDHA;2;1;3
HARJOBINANGUN;KHONGHUCU;0;0;0
HARJOBINANGUN;ALIRAN KEPERCAYAAN;0;0;0
PAKEMBINANGUN;KRISTEN;83;89;172
PAKEMBINANGUN;KATOLIK;254;277;531
PAKEMBINANGUN;HINDU;1;0;1
PAKEMBINANGUN;BUDDHA;0;0;0
PAKEMBINANGUN;KHONGHUCU;0;0;0
PAKEMBINANGUN;ALIRAN KEPERCAYAAN;0;0;0
HARGOBINANGUN;KRISTEN;297;276;573
HARGOBINANGUN;KATOLIK;330;359;689
HARGOBINANGUN;HINDU;3;0;3
HARGOBINANGUN;BUDDHA;0;0;0
HARGOBINANGUN;KHONGHUCU;0;0;0
HARGOBINANGUN;ALIRAN KEPERCAYAAN;0;0;0
