SUMBERHARJO;KRISTEN;38;32;70
SUMBERHARJO;KATOLIK;56;53;109
SUMBERHARJO;HINDU;0;0;0
SUMBERHARJO;BUDDHA;0;0;0
SUMBERHARJO;KHONGHUCU;1;0;1
SUMBERHARJO;ALIRAN KEPERCAYAAN;0;0;0
WUKIRHARJO;KRISTEN;0;0;0
WUKIRHARJO;KATOLIK;0;0;0
WUKIRHARJO;HINDU;0;0;0
WUKIRHARJO;BUDDHA;0;0;0
WUKIRHARJO;KHONGHUCU;0;0;0
WUKIRHARJO;ALIRAN KEPERCAYAAN;0;0;0
GAYAMHARJO;KRISTEN;4;12;16
GAYAMHARJO;KATOLIK;414;419;833
GAYAMHARJO;HINDU;0;1;1
GAYAMHARJO;BUDDHA;0;0;0
GAYAMHARJO;KHONGHUCU;0;0;0
GAYAMHARJO;ALIRAN KEPERCAYAAN;0;0;0
SAMBIREJO;KRISTEN;7;6;13
SAMBIREJO;KATOLIK;32;25;57
SAMBIREJO;HINDU;2;2;4
SAMBIREJO;BUDDHA;0;0;0
SAMBIREJO;KHONGHUCU;0;0;0
SAMBIREJO;ALIRAN KEPERCAYAAN;0;0;0
MADUREJO;KRISTEN;68;80;148
MADUREJO;KATOLIK;517;502;1.019
MADUREJO;HINDU;2;2;4
MADUREJO;BUDDHA;2;5;7
MADUREJO;KHONGHUCU;0;0;0
MADUREJO;ALIRAN KEPERCAYAAN;0;0;0
BOKOHARJO;KRISTEN;104;118;222
BOKOHARJO;KATOLIK;207;193;400
BOKOHARJO;HINDU;5;3;8
BOKOHARJO;BUDDHA;2;1;3
BOKOHARJO;KHONGHUCU;0;0;0
BOKOHARJO;ALIRAN KEPERCAYAAN;0;0;0
