BANYUREJO;KRISTEN;6;4;10
BANYUREJO;KATOLIK;15;25;40
BANYUREJO;HINDU;0;0;0
BANYUREJO;BUDDHA;2;1;3
BANYUREJO;KHONGHUCU;0;0;0
BANYUREJO;ALRAN KEPERCAYAAN;0;0;0
TAMBAKREJO;KRISTEN;17;8;25
TAMBAKREJO;KATOLIK;78;77;155
TAMBAKREJO;HINDU;0;0;0
TAMBAKREJO;BUDDHA;0;0;0
TAMBAKREJO;KHONGHUCU;1;0;1
TAMBAKREJO;ALRAN KEPERCAYAAN;0;0;0
SUMBERREJO;KRISTEN;4;6;10
SUMBERREJO;KATOLIK;11;11;22
SUMBERREJO;HINDU;0;0;0
SUMBERREJO;BUDDHA;0;0;0
SUMBERREJO;KHONGHUCU;0;0;0
SUMBERREJO;ALRAN KEPERCAYAAN;0;1;1
PONDOKREJO;KRISTEN;3;5;8
PONDOKREJO;KATOLIK;56;59;115
PONDOKREJO;HINDU;0;0;0
PONDOKREJO;BUDDHA;0;0;0
PONDOKREJO;KHONGHUCU;0;0;0
PONDOKREJO;ALRAN KEPERCAYAAN;0;0;0
MOROREJO;KRISTEN;7;8;15
MOROREJO;KATOLIK;3;5;8
MOROREJO;HINDU;0;0;0
MOROREJO;BUDDHA;0;0;0
MOROREJO;KHONGHUCU;0;0;0
MOROREJO;ALRAN KEPERCAYAAN;0;0;0
MARGOREJO;KRISTEN;40;42;82
MARGOREJO;KATOLIK;148;147;295
MARGOREJO;HINDU;2;1;3
MARGOREJO;BUDDHA;1;3;4
MARGOREJO;KHONGHUCU;0;0;0
MARGOREJO;ALRAN KEPERCAYAAN;0;1;1
LUMBUNGREJO;KRISTEN;23;32;55
LUMBUNGREJO;KATOLIK;44;45;89
LUMBUNGREJO;HINDU;0;0;0
LUMBUNGREJO;BUDDHA;0;2;2
LUMBUNGREJO;KHONGHUCU;0;0;0
LUMBUNGREJO;ALRAN KEPERCAYAAN;0;0;0
MERDIKOREJO;KRISTEN;5;6;11
MERDIKOREJO;KATOLIK;36;40;76
MERDIKOREJO;HINDU;0;0;0
MERDIKOREJO;BUDDHA;0;0;0
MERDIKOREJO;KHONGHUCU;0;0;0
MERDIKOREJO;ALRAN KEPERCAYAAN;0;0;0
